,start_port,end_port,start_region,end_region,start_loc_lat,start_loc_lon,end_loc_lat,end_loc_lon,start_time,end_time,route,route_name,ME_CO2,AE_CO2,ae_consumption,me_consumption,draft,sog,stw,power,rpm,rudder_angle,trim,wind_direction,wind_speed,GPS_distance,sog_distance,IMO_ME_consump,IMO_pilot_consump,IMO_aux_consump,IMO_boiler_consump,IMO_ME_CO2,IMO_pilot_CO2,IMO_aux_CO2,IMO_boiler_CO2,IMO_CO2_consump,desmo_CO2
0,Malaysia: Port Kelang,Australia: Geraldton,South East Asia,nan,2.96,101.31,-28.71,114.52,2018-12-20 13:20:00,2018-12-29 04:15:00,Malaysia: Port Kelang->Australia: Geraldton,,334679309.07811093,83116775.37422916,2.9913902553228024,12.401041539873685,5.704431138481571,11.20194298185547,11.340525210688345,2.673897271758356,75.93209388302999,0.15369077240158596,2.6825316421302654,196.07984203296704,11.889693396551037,2330.2070027518994,2330.004140225938,111427182.64423177,0.0,18324150.0,3920200.0,346984246.75413775,0.0,58747224.89999999,12207502.799999997,417938974.4541377,476898494.3854935
1,Australia: Geraldton,Australia: Geraldton,nan,nan,-28.71,114.52,-28.78,114.6,2019-01-03 07:50:00,2019-01-03 09:15:00,Australia: Geraldton->Australia: Geraldton,port_activity,3104123.3352824994,1181242.2452881944,2.947578902777778,7.974626423333333,6.0094385402777775,4.469434152258667,4.588165234174805,0.9890223993333334,26.839471872222223,1.0250379743055558,1.9697350527777777,185.91666666666666,20.823925955555556,9.772112872850919,13.408302456776,303390.15104024194,0.0,230100.0,129200.0,944756.9303393132,0.0,737700.6,402328.8,2084786.3303393133,2449311.27909214
2,Australia: Geraldton,Australia: Geraldton,nan,nan,-28.78,114.6,-28.78,114.54,2019-01-05 16:20:00,2019-01-05 17:15:00,Australia: Geraldton->Australia: Geraldton,port_activity,1763025.6297187498,741340.44193125,2.7748238625,6.793933062500001,10.36499078125,5.0812384154136,4.9478566680588,0.9444268687499999,34.297770125,2.82306749875,0.6928051875000002,181.125,22.366309,5.195677208563331,10.1624768308272,197501.2537955417,0.0,265200.0,81600.0,615018.9043193168,0.0,850231.2,254102.4,1719352.5043193167,2261737.653595806
3,Australia: Geraldton,Indonesia: Banten,nan,South East Asia,-28.78,114.54,-5.99,105.95,2019-01-06 00:00:00,2019-01-11 07:50:00,Australia: Geraldton->Indonesia: Banten,,256978566.39080435,39571620.469661295,2.3142213548828123,15.472490404626182,9.693812092249644,11.774984623488564,12.27567964429068,3.268011400963778,80.67404946195549,0.7176213691296816,1.5232665499940814,177.51059422348487,10.122844775830892,1510.1648047924166,1507.2086378246318,109967810.66763088,0.0,6793800.0,251600.0,342439762.41900253,0.0,21780922.8,783482.4,365004167.6190026,344661643.60650367
4,Indonesia: Banten,Indonesia: Banten,South East Asia,South East Asia,-5.99,105.95,-6.01,105.96,2019-01-12 15:55:00,2019-01-12 16:15:00,Indonesia: Banten->Indonesia: Banten,port_activity,360664.19849062496,842024.2841645833,3.1516816624999997,1.38984276875,10.33963,2.762493658752,3.2377528244116003,0.0,0.0,-6.379392055,0.5066647500000003,217.75,8.526168394384001,0.7885829032798137,5.524987317504,34644.56571363498,0.0,181350.0,85000.0,107883.17763225932,0.0,581408.1,264690.0,953981.2776322593,592882.1241662729
5,Indonesia: Banten,Thailand: Koh Si Chang,South East Asia,South East Asia,-6.01,105.96,13.14,100.83,2019-01-16 07:00:00,2019-01-21 09:25:00,Indonesia: Banten->Thailand: Koh Si Chang,,220960687.83517438,37231042.21428472,2.2659368692411928,13.84530525151084,8.674606524559618,10.676804575583166,11.544783990076313,2.9074598498128728,77.9527719455962,-0.0875228133762195,1.6924798983062328,154.98170731707316,12.062383236845807,1318.4546181990406,1313.2469627967293,72803621.60195267,0.0,7053150.0,452200.0,226710477.6684806,0.0,22612398.900000006,1408150.8,250731027.3684806,263345905.49776638
6,Thailand: Koh Si Chang,Thailand: Koh Si Chang,South East Asia,South East Asia,13.14,100.83,12.97,100.46,2019-01-24 07:20:00,2019-01-24 10:15:00,Thailand: Koh Si Chang->Thailand: Koh Si Chang,port_activity,5511763.42595125,1539824.6985503472,2.67260204375,8.50759400125,5.754868306250001,8.093731136237468,8.342124665437833,1.7870469239015152,47.99047884145833,0.16393405123958332,2.50627448125,251.70833333333331,5.359328959404033,27.754231755929865,37.879078378205065,1315206.0513545526,0.0,364650.0,125800.0,4095551.643918077,0.0,1169067.9,391741.2,5656360.743918077,5152972.996509725
7,Thailand: Koh Si Chang,Thailand: Koh Si Chang,South East Asia,South East Asia,12.97,100.46,12.95,100.37,2019-01-24 21:15:00,2019-01-25 06:45:00,Thailand: Koh Si Chang->Thailand: Koh Si Chang,port_activity,2051807.446029033,3397373.3572848616,2.5432614028333336,1.5813544863422222,6.006178449444445,2.332827945193625,2.083647324950546,0.21929813230454545,8.592702726944445,1.1967919865727779,2.000393998555556,257.22333333333336,3.533955107825552,21.059390449410238,23.32827945193625,290637.65542883443,0.0,661050.0,431800.0,905045.6590053904,0.0,2119326.3,1344625.2,4368997.15900539,3343048.9881249974
8,Thailand: Koh Si Chang,unknown: Manggar,South East Asia,South East Asia,12.95,100.37,-4.39,109.51,2019-01-31 03:50:00,2019-02-07 01:45:00,Thailand: Koh Si Chang->unknown: Manggar,,135504302.15507048,56111762.772244856,2.5187748173253497,6.26131760713004,5.77402426749501,7.253965292848715,6.745990851132792,1.287122204639105,41.48359995165668,1.0185714942104602,2.0701755828742514,182.7197604790419,10.359817496330756,1206.450347531478,1213.9121983979353,53110052.09601662,0.0,9556950.0,3750200.0,165384702.22699577,0.0,30639581.7,11678122.8,207702406.72699574,234022744.92711115
9,unknown: Manggar,Australia: Townsville,South East Asia,nan,-4.39,109.51,-19.12,146.93,2019-02-08 01:35:00,2019-02-18 05:20:00,unknown: Manggar->Australia: Townsville,,266563382.3152516,99987145.95588541,3.055102681122449,8.38546285447687,5.698592575370749,10.747213279573343,10.61335267240357,1.8095110329892516,65.6999244643661,0.1498940028062952,2.378781210605442,253.1823129251701,8.864074366778457,2625.028816496762,2633.067253495469,115439192.06183195,0.0,23068500.0,5304000.0,359477644.0805446,0.0,73957611.00000001,16516655.999999994,449951911.08054465,457472290.3451358
10,Australia: Townsville,Australia: Townsville,nan,nan,-19.12,146.93,-19.25,146.84,2019-02-18 17:20:00,2019-02-18 18:35:00,Australia: Townsville->Australia: Townsville,port_activity,2149749.775115625,808450.9853729167,3.0260174125,8.28419951875,5.897813837499999,8.256230960060499,7.9881828738273,1.6865112462499998,50.2662918125,-0.11216971931250001,2.2823189875,341.6875,8.394958927106,10.728470360376877,16.512461920120998,503387.7705164201,0.0,265200.0,81600.0,1567549.5173881322,0.0,850231.2,254102.4,2671883.117388132,2158104.4435767354
11,Australia: Townsville,Australia: Townsville,nan,nan,-19.25,146.84,-19.12,146.97,2019-02-21 20:20:00,2019-02-21 21:40:00,Australia: Townsville->Australia: Townsville,port_activity,3082023.9603441665,726151.0408452547,2.7179702090277775,11.876778267222221,8.218887947916667,8.704146506543978,9.772736387880244,2.5572426498214287,67.30555366964286,-1.0062441813125,0.7434049208333333,81.02777777777777,2.722320925731933,12.002746851040472,17.408293013087956,655678.8153998909,0.0,265200.0,81600.0,2041783.83115526,0.0,850231.2,254102.4,3146117.4311552597,2186227.9542543236
12,Australia: Townsville,Australia: Townsville,nan,nan,-19.12,146.97,-19.25,146.84,2019-03-01 22:15:00,2019-03-02 00:10:00,Australia: Townsville->Australia: Townsville,port_activity,2168992.9433729164,1180395.1922583333,2.945465233333333,5.572236206481481,8.314532665277776,5.362024668571704,5.148410627701393,0.9655086387962962,30.814157037037038,1.3233306356500003,0.38899845648148146,127.77777777777777,14.26940547926563,13.128748130350294,16.086074005715112,430483.7525127283,0.0,313950.0,125800.0,1340526.4053246358,0.0,1006523.7,391741.19999999995,2738791.3053246355,2441517.1787196514
13,Australia: Townsville,Republic of Korea: Ulsan,nan,North East Asia,-19.25,146.84,35.44,129.46,2019-03-02 21:20:00,2019-03-16 09:45:00,Australia: Townsville->Republic of Korea: Ulsan,,695761192.5294399,95797774.64548424,2.2065805379256407,16.499450245251282,9.023156709405129,11.851644394517665,12.141188821806322,3.508743170832872,84.06240337085129,-0.31240436873231026,1.118186475005128,137.17792307692307,11.082166787022873,3857.1440625691466,3851.7844282182414,258948984.19775724,0.0,17296500.0,408000.0,806367136.7918161,0.0,55452578.99999999,1270512.0,863090227.7918162,879383744.0303013
14,Republic of Korea: Ulsan,Republic of Korea: Ulsan,North East Asia,North East Asia,35.44,129.46,35.44,129.36,2019-03-19 05:05:00,2019-03-19 05:55:00,Republic of Korea: Ulsan->Republic of Korea: Ulsan,port_activity,815631.3753968182,345011.09362575755,2.5827405636363636,6.286176303636363,9.457437863636363,5.681805185199417,5.852936289008292,1.0946803254545454,35.44821218181818,0.19174511181818185,0.493690654545454,351.90909090909093,4.8843397818181815,4.8517193679579025,5.681805185199418,107952.26494297743,0.0,132600.0,40800.0,336163.3530324317,0.0,425115.6,127051.2,888330.1530324316,528473.1252017665
15,Republic of Korea: Ulsan,Republic of Korea: Tonghae,North East Asia,North East Asia,35.44,129.36,37.51,129.15,2019-03-22 14:55:00,2019-03-23 03:35:00,Republic of Korea: Ulsan->Republic of Korea: Tonghae,,30520805.027684063,4160744.438357986,2.224798737202381,16.80198460098214,5.886178401636905,11.041641205254876,11.08260234855558,3.4940035661994044,80.20095352440475,0.7284365908962501,1.758137662797619,299.92857142857144,10.99854752345476,147.46904312358745,154.58297687356827,7589471.650893408,0.0,873600.0,81600.0,23633614.72088207,0.0,2800761.6,254102.4,26688478.72088207,30827677.64003446
16,Republic of Korea: Tonghae,Republic of Korea: Tonghae,North East Asia,North East Asia,37.51,129.15,37.49,129.13,2019-03-25 00:15:00,2019-03-25 01:35:00,Republic of Korea: Tonghae->Republic of Korea: Tonghae,port_activity,728918.3013131251,662567.5864670139,2.4799784895833334,2.80893372375,6.023185389236112,4.409712023544801,4.528843347300511,0.3001362992361111,19.514835812500003,1.218250055625,1.4993041243055556,240.42361111111111,8.042232971238445,5.9325162236878395,8.819424047089601,77060.89370041955,0.0,265200.0,81600.0,239967.62298310647,0.0,850231.2,254102.4,1344301.2229831063,785942.5277520767
17,Republic of Korea: Tonghae,unknown: Okpo,North East Asia,North East Asia,37.49,129.13,34.89,128.8,2019-03-26 15:15:00,2019-03-27 09:30:00,Republic of Korea: Tonghae->unknown: Okpo,,38383111.05677911,6008794.812387268,2.3674537133876354,15.569662734724309,5.539617426817043,10.514574624178275,11.793312849527076,3.3114677353717625,79.65549808667504,0.16975652308563074,2.1982287847535504,231.00459482038428,17.605185934387258,196.04533894719626,199.77691785938723,8595741.230087254,0.0,1782300.0,408000.0,26767138.19049171,0.0,5714053.799999999,1270512.0,33751703.9904917,45963751.671349846
18,unknown: Okpo,Republic of Korea: Masan,North East Asia,North East Asia,34.89,128.8,35.17,128.58,2019-03-31 19:15:00,2019-03-31 22:00:00,unknown: Okpo->Republic of Korea: Masan,,3650841.6815975,1253803.1902180556,2.3464813291666666,7.034377035833333,5.883898788541666,6.149291292051422,6.450477586606572,1.3480848524381943,38.84087298194444,0.8712092256951389,1.7123161131944444,319.0416666666667,14.442191260643108,22.982710765745082,24.597165168205688,762578.4570931604,0.0,427050.0,166600.0,2374669.315388101,0.0,1369122.2999999998,518792.39999999997,4262584.015388101,4691498.291574454
19,Republic of Korea: Masan,Panama: Balboa,North East Asia,nan,35.17,128.58,8.89,-79.5,2019-04-05 08:10:00,2019-05-03 21:50:00,Republic of Korea: Masan->Panama: Balboa,,1819460563.4985795,224863312.11009902,2.4537315022177313,20.43910220292672,6.516105216546293,13.14913541326414,13.530302636091612,4.460952526254483,91.68963563495008,0.3032080948799067,2.1432865044372296,166.31989133315662,10.635827120327349,8996.075864969753,9021.220982300341,600516672.7537621,0.0,35577750.0,452200.0,1870008918.9552155,0.0,114062266.49999999,1408150.7999999998,1985479336.2552152,2256950772.9292765
20,Panama: Balboa,United States of America: Galveston,nan,North East America,8.89,-79.5,29.29,-94.45,2019-05-06 10:00:00,2019-05-12 15:00:00,Panama: Balboa->United States of America: Galveston,,236351219.34430623,41459658.92888264,2.0717052577222224,12.091847292277778,6.528959367416666,10.893474777118563,11.099114177788527,2.5064261867960553,73.58895797327777,-0.21067937296622888,0.9128884936111111,126.04555555555552,12.519290727865114,1637.0953966616462,1643.73786107909,82637011.62645863,0.0,10013250.0,1445000.0,257331654.20479217,0.0,32102479.499999996,4499730.0,293933863.7047922,335209890.68147326
21,United States of America: Galveston,United States of America: Galveston,North East America,North East America,29.29,-94.45,29.31,-94.81,2019-05-18 01:45:00,2019-05-18 04:35:00,United States of America: Galveston->United States of America: Galveston,port_activity,4076752.6520062494,1051614.051184375,1.968086184375,7.85501474375,6.7255565890625,7.079150298141567,7.4967583342156665,1.4823631562500001,51.84763522916667,3.3663575322437502,0.48684124062499995,137.11458333333334,12.050998054517667,21.107376325583665,28.316601192566267,762181.4307203578,0.0,530400.0,163200.0,2373432.975263194,0.0,1700462.4,508204.8,4582100.175263193,3860474.7936831648
22,United States of America: Galveston,United States of America: Shawano,North East America,North East America,29.31,-94.81,28.85,-89.35,2019-05-21 02:15:00,2019-05-22 11:15:00,United States of America: Galveston->United States of America: Shawano,,60327853.24738896,7599800.230720834,1.6863128270424834,13.461983445890521,5.777009964419935,10.523913553780474,10.390437412805689,2.9004556184477126,74.48710189379084,-0.7372176972142156,1.8645181966503268,154.00326797385623,18.30203179569864,352.94557676043723,363.66860281351524,15510032.53512113,0.0,3277950.0,819400.0,48298241.3143672,0.0,10509107.7,2551611.6,61358960.61436719,82557417.36635755
23,United States of America: Shawano,United States of America: Davant,North East America,North East America,28.85,-89.35,29.59,-89.83,2019-05-26 18:10:00,2019-05-27 02:05:00,United States of America: Shawano->United States of America: Davant,,16742660.372315,2160167.2621579166,1.7967704405555556,14.33753831925926,5.7110752367592585,7.915352083949391,11.433394929944562,3.1253012120555557,72.86035433148147,-0.07349776925925927,2.2690121883333334,94.44999999999999,5.764565495272415,68.23376025847138,71.23816875554452,2177752.5865619136,0.0,1090050.0,370600.0,6781521.554553797,0.0,3494700.3,1154048.4,11430270.254553797,9147028.415790116
24,United States of America: Davant,United States of America: Davant,North East America,North East America,29.59,-89.83,29.62,-89.89,2019-05-31 00:05:00,2019-05-31 00:45:00,United States of America: Davant->United States of America: Davant,port_activity,967622.0848083333,249588.3571675926,1.868409411111111,7.457588322222222,5.679631611111111,4.433323125564267,9.291702370286224,1.1486025777777777,32.90362888888889,0.9709380594444446,1.9941506,186.88888888888889,8.57017429700089,3.1222158078922324,4.433323125564267,37651.8008214642,0.0,132600.0,40800.0,117247.70775803953,0.0,425115.6,127051.2,669414.5077580395,400488.6032643102
25,United States of America: Davant,Spain: Algeciras,North East America,South Europe,29.62,-89.89,36.12,-5.36,2019-06-01 21:25:00,2019-06-18 18:30:00,United States of America: Davant->Spain: Algeciras,,883928840.7885554,123416624.97542778,2.273057185323563,16.76749570353927,9.772735515155114,11.632358556081115,12.08677238354041,3.6080692204905276,84.29392143806963,0.33549388025966603,0.6705864714016484,189.99546307551233,10.224083874769416,4704.375638195881,4726.160293125624,327602987.0489366,0.0,21319350.0,411400.0,1020155701.6703885,0.0,68349836.1,1281099.6,1089786637.3703885,1047722920.2935694
26,Spain: Algeciras,Egypt: Fayid,South Europe,nan,36.12,-5.36,30.36,32.36,2019-06-19 11:05:00,2019-06-26 05:10:00,Spain: Algeciras->Egypt: Fayid,,383956162.2044639,50128720.18972708,2.3023961042480017,18.145908262565996,9.698683849609592,12.234513467928569,12.644066495350842,3.8580606910612247,85.45556631467849,0.5369590236807724,1.546307551570924,240.51891615541925,8.249835477954388,1990.6767387425994,1994.9620572453373,156358788.36588168,0.0,8893950.0,459000.0,486901266.9713556,0.0,28514003.699999996,1429326.0,516844596.6713556,475147539.01002866
27,Egypt: Fayid,India: Vishakhapatnam,nan,nan,30.36,32.36,17.61,83.35,2019-06-26 13:45:00,2019-07-12 10:05:00,Egypt: Fayid->India: Vishakhapatnam,,821161196.9534265,125086509.04620498,2.4547243555497382,16.53193070271739,9.712274693422774,11.455929007088754,11.65009046447155,3.456058913057532,82.41616469671615,-0.6006457356179886,0.9940670672556718,237.29842931937173,16.404877384991472,4368.250686378051,4385.623192263871,292385658.9537716,0.0,20410650.0,574600.0,910488941.9820447,0.0,65436543.89999999,1789304.4,977714790.2820449,1143494203.9169514
28,India: Vishakhapatnam,India: Vishakhapatnam,nan,nan,17.61,83.35,17.7,83.28,2019-07-13 16:25:00,2019-07-13 18:30:00,India: Vishakhapatnam->India: Vishakhapatnam,port_activity,972378.7638358036,1300926.0163513888,3.2462283626984125,2.49808288718254,10.21835326607143,3.6392773031835173,3.2648406083837074,0.1631895390079365,10.10252779047619,2.4178387497619043,0.23914742023809551,242.44047619047618,3.1716218060817774,8.076287183293699,10.917831909550552,116308.36073344055,0.0,313950.0,125800.0,362184.2353239338,0.0,1006523.7,391741.19999999995,1760449.1353239338,1011495.6065404632
29,India: Vishakhapatnam,India: Vishakhapatnam,nan,nan,17.7,83.28,17.68,83.3,2019-07-19 09:35:00,2019-07-19 10:10:00,India: Vishakhapatnam->India: Vishakhapatnam,port_activity,-91285.0342475,831696.6799244445,3.0857710600000003,-0.3223411256666667,5.268939841666667,2.6599938740426667,2.561917987316533,0.0,0.0,-1.4881452766666667,0.6489271100000003,22.0,3.2021524785024003,1.7056458824516945,5.719986789083734,19428.832316616783,0.0,181350.0,85000.0,60501.38383394466,0.0,581408.1,264690.0,906599.4838339445,545656.6951069046
30,India: Vishakhapatnam,India: Paradip,nan,nan,17.68,83.3,20.23,86.8,2019-07-20 13:10:00,2019-07-21 13:30:00,India: Vishakhapatnam->India: Paradip,,38153241.09853132,10719086.236073751,3.2031916332285717,11.596883965017142,5.30908031067619,10.859403474020828,11.571053228266317,2.372381038577143,73.80925492590477,-0.021688340811285713,2.495810418114286,189.4003809523809,8.305300792116453,267.16607488255,273.62198674373826,11513908.500601195,0.0,2250300.0,489600.0,35854311.07087211,0.0,7214461.8,1524614.4,44593387.270872116,45518688.93750815
31,India: Paradip,India: Paradip,nan,nan,20.23,86.8,20.91,87.27,2019-07-22 17:40:00,2019-07-23 00:10:00,India: Paradip->India: Paradip,port_activity,9167019.9381015,3025068.4504638887,2.830694120833334,8.83142575925,5.464909184895832,9.132270540182633,9.8977401392088,1.7553650988541667,60.91039932292084,0.24722480396458335,1.774007959375,188.94791666666669,11.366401894393501,65.88464929419312,73.05816432146108,2686920.188197826,0.0,895050.0,289000.0,8367069.46604803,0.0,2869530.3,899946.0,12136545.766048029,11816450.550425693
32,India: Paradip,India: Paradip,nan,nan,20.91,87.27,20.95,87.12,2019-07-23 10:45:00,2019-07-23 12:00:00,India: Paradip->India: Paradip,port_activity,1621695.184902875,1351678.9883333333,3.372873333333333,4.1662047139444445,5.58901942638889,4.838877824349244,5.451267604379922,0.7461442759999999,33.895388141666665,1.1428526214944443,1.4455539805555555,210.88888888888889,8.560455604559111,8.865649641947021,14.516633473047733,268055.45358149114,0.0,294450.0,125800.0,834724.6824527633,0.0,944006.7,391741.19999999995,2170472.5824527633,1692693.4940105146
33,India: Paradip,India: Paradip,nan,nan,20.95,87.12,20.83,86.97,2019-07-24 10:50:00,2019-07-24 12:30:00,India: Paradip->India: Paradip,port_activity,1930957.0905473211,1451701.2813722221,3.622461088888889,4.960711857539683,5.590757874206349,5.475781031811696,5.8687609583625395,0.8709339932539683,24.59271925,3.060073560515873,1.2888547944444442,203.66666666666666,8.849562996410603,11.202946904413404,16.427343095435088,277394.5508686379,0.0,397800.0,122400.0,863806.6314049384,0.0,1275346.7999999998,381153.6,2520307.0314049385,1759471.0232385648
34,India: Paradip,Malaysia: Bagan Luar,nan,South East Asia,20.83,86.97,5.39,100.36,2019-07-29 07:30:00,2019-08-02 23:10:00,India: Paradip->Malaysia: Bagan Luar,,228544794.21877497,44165057.99888146,2.9316496320870207,15.478859182890853,8.343306157890854,10.999532058110113,11.2433899833542,3.214142257138643,80.2300893797935,-1.8805174161766225,0.8195690284660767,218.9985250737463,16.950385153707366,1235.8503802466453,1250.497105259022,70162165.26749362,0.0,6630000.0,448800.0,218484982.64297515,0.0,21255780.0,1397563.2,241138325.84297514,301611766.7865469
35,Malaysia: Bagan Luar,Malaysia: Port Kelang,South East Asia,South East Asia,5.39,100.36,3.25,101.2,2019-08-03 22:20:00,2019-08-04 13:35:00,Malaysia: Bagan Luar->Malaysia: Port Kelang,,40093921.351427495,5632087.316022223,2.64084834609375,18.976466833046874,7.069273678515625,12.2049197889594,12.422557449828375,3.9171636555885416,85.58978313020833,0.268575834571875,2.3470117653645834,162.95833333333334,5.612939254423116,189.35461424410767,197.20371214098427,12550248.631482733,0.0,975000.0,81600.0,39081474.238437235,0.0,3125850.0,254102.4,42461426.63843724,41541289.17282303
36,Malaysia: Port Kelang,Malaysia: Port Kelang,South East Asia,South East Asia,3.25,101.2,2.95,101.31,2019-08-04 22:00:00,2019-08-05 00:15:00,Malaysia: Port Kelang->Malaysia: Port Kelang,port_activity,2911028.0936104376,1137854.2372458335,2.8393118833333335,7.4785564383055565,7.489511877777777,7.833315251047868,6.564902396320577,1.3133795276666667,43.68263636060607,1.0001479446111112,1.7574363999999998,141.5,7.766180793352444,21.56005129349062,23.499945753143603,989264.6051277765,0.0,232050.0,85000.0,3080569.9803678957,0.0,743952.3,264690.0,4089212.2803678955,3583172.524843347
37,Malaysia: Port Kelang,Singapore: Tanjong Pagar,South East Asia,South East Asia,2.95,101.31,1.29,103.96,2019-08-05 09:10:00,2019-08-06 03:45:00,Malaysia: Port Kelang->Singapore: Tanjong Pagar,,40364516.2215085,6470780.572643333,2.553129845,16.28180879559649,6.9525758009649135,11.726288675161767,11.750646053505836,3.3177334495964916,78.66935594526316,0.015946957714078964,1.2948178691228072,132.76315789473685,11.424135246407479,221.01816925914878,223.89448230259046,13869378.792206034,0.0,1209000.0,122400.0,43189245.5589296,0.0,3876054.0000000005,381153.6,47446453.158929594,50554914.64189899
38,Singapore: Tanjong Pagar,Viet Nam: Saigon,South East Asia,South East Asia,1.29,103.96,10.74,106.74,2019-08-06 16:50:00,2019-08-08 23:55:00,Singapore: Tanjong Pagar->Viet Nam: Saigon,,127305818.40190999,16991248.96541042,2.271354910267857,17.520756730238098,7.127541634598215,11.665746795782615,11.855359028890136,3.510124133264732,79.52458122690476,1.5174154869852678,1.633870959672619,213.4985119047619,16.15681046731205,650.761577468829,653.2818205638265,40789156.5533891,0.0,3572400.0,455600.0,127017433.50725368,0.0,11453114.4,1418738.4,139889286.3072537,172777878.84711686
39,Viet Nam: Saigon,Viet Nam: Phu My,South East Asia,South East Asia,10.74,106.74,10.6,107.02,2019-08-10 00:55:00,2019-08-10 09:15:00,Viet Nam: Saigon->Viet Nam: Phu My,,13119613.303217499,4183164.911960417,3.1315021174999997,10.111455339666668,5.547575392083333,8.06248134901012,8.669460663526653,1.8636070981416666,57.51972192833333,0.4147579728983334,1.808292935833333,234.625,12.446569474269332,73.33940327322662,80.62481349010122,2553498.9560593064,0.0,1242150.0,411400.0,7951595.74916868,0.0,3982332.9,1281099.6,13215028.24916868,13094115.721693927
40,Viet Nam: Phu My,unknown: Suez,South East Asia,nan,10.6,107.02,29.92,32.54,2019-08-12 13:30:00,2019-08-31 20:40:00,Viet Nam: Phu My->unknown: Suez,,1223345918.1836605,165164158.55058032,2.6648872351173374,20.31035419103023,5.9567520459410925,12.193913389596513,12.629459496196842,4.246902940169779,88.85281631797773,0.38945348431042803,1.950208776125479,232.1686422413793,13.752814620411312,5651.421366195735,5659.600808952431,316331425.21335083,0.0,26523900.0,1774800.0,985056058.1143744,0.0,85035623.4,5526727.2,1075618408.7143743,1349482636.012424
41,unknown: Suez,Malta: Marsaxlokk,nan,South Europe,29.92,32.54,35.82,14.59,2019-09-01 04:55:00,2019-09-04 16:05:00,unknown: Suez->Malta: Marsaxlokk,,219248904.70208815,26764621.580520835,2.3642264338235295,19.56379967879412,5.983486933382352,12.209873750776001,12.67433642610995,4.097720169898039,85.77888767254902,-0.2932206778260588,1.8941729093137256,309.91470588235296,8.445660832669702,1033.1028588029942,1056.9392248168263,59756665.114112236,0.0,5206500.0,537200.0,186082255.16534552,0.0,16692038.999999994,1672840.8,204447134.96534553,223231960.37088716
42,Malta: Marsaxlokk,United States of America: Galveston,South Europe,North East America,35.82,14.59,29.31,-94.81,2019-09-05 05:50:00,2019-09-25 11:25:00,Malta: Marsaxlokk->United States of America: Galveston,,1267155409.7892175,158093723.12500763,2.431876941204654,20.018222181054327,6.099478861285079,12.543365958393753,12.920684068505846,4.208522258854783,88.51955669263347,0.04073001347419885,2.119820967231348,123.71167008898014,13.033733257559978,6085.1540793671675,6118.452532585806,358473014.94465566,0.0,26241150.0,907800.0,1116284968.5376575,0.0,84129126.9,2826889.2,1203240984.6376576,1480668910.2695508
43,United States of America: Galveston,United States of America: Galveston,North East America,North East America,29.31,-94.81,29.32,-94.78,2019-09-28 02:10:00,2019-09-28 02:35:00,United States of America: Galveston->United States of America: Galveston,port_activity,354227.780525,286398.12038055557,2.143965966666667,2.7300792333333335,5.857085933333333,2.4499944047322666,1.2281951880097732,0.0,0.0,1.9538698466666666,1.162051233333333,149.0,13.989168338949334,1.0454018019546245,2.4499944047322666,6563.857333783655,0.0,48750.0,44200.0,20439.8517374023,0.0,156292.5,137638.8,314371.1517374023,249743.18568462736
44,United States of America: Galveston,United States of America: Galveston,North East America,North East America,29.32,-94.78,29.35,-94.72,2019-09-30 17:00:00,2019-09-30 17:55:00,United States of America: Galveston->United States of America: Galveston,port_activity,564441.4256,275971.7964986111,2.0659148833333334,4.350222933333333,5.914690041666667,4.466656377360933,3.461017056262133,0.41119999749999997,18.37166675,-0.8696665908333333,1.1570383833333333,132.0,15.187869980057334,4.332987229256815,4.466656377360933,39523.1850791835,0.0,132600.0,40800.0,123075.19833657742,0.0,425115.6,127051.2,675241.9983365773,561704.3522153196
45,United States of America: Galveston,United States of America: Davant,North East America,North East America,29.35,-94.72,29.59,-89.82,2019-10-02 15:50:00,2019-10-04 01:00:00,United States of America: Galveston->United States of America: Davant,,88862834.17267562,9431846.763679858,2.0173275316666666,19.567923847547625,5.644910798452382,11.726877667813918,12.146319442603597,4.174453533697619,86.0835293557143,0.04030258962761906,2.349300945476191,87.3,11.290146688705144,400.67708717827236,410.44071837348713,21489975.15688429,0.0,2080650.0,207400.0,66919782.63853768,0.0,6670563.899999999,645843.6,74236190.13853769,88332411.2686842
46,United States of America: Davant,United States of America: Myrtle Grove,North East America,North East America,29.59,-89.82,29.63,-89.91,2019-10-04 18:50:00,2019-10-04 19:40:00,United States of America: Davant->United States of America: Myrtle Grove,,2356835.321591666,592844.7925555555,2.2190073333333333,9.082217038888889,5.904814934722221,5.861097589310133,8.131752403117511,1.4795577594444445,47.71728694444444,1.379517145611111,1.992966363888889,70.13888888888889,8.46380319294489,5.110977396975187,11.722195178620266,175304.77682029756,0.0,265200.0,81600.0,545899.0750184066,0.0,850231.2,254102.4,1650232.6750184065,1130166.687461829
47,United States of America: Myrtle Grove,Mexico: Veracruz,North East America,nan,29.63,-89.91,19.21,-96.14,2019-10-08 04:35:00,2019-10-11 05:30:00,United States of America: Myrtle Grove->Mexico: Veracruz,,120162855.84617446,24030838.378367502,2.431215019745817,12.535098336843149,8.476792962509652,10.48869196993412,11.089580080955292,2.5742809775284896,74.53021192657657,0.9306742390662485,1.0574102239253538,70.37387387387388,10.615735533066315,767.369689349227,777.049870420324,41576042.210960224,0.0,5226000.0,734400.0,129467795.44493009,0.0,16754555.999999998,2286921.6,148509273.04493016,144989146.55496186
48,Mexico: Veracruz,Mexico: Progreso,nan,nan,19.21,-96.14,24.42,-91.49,2019-10-18 07:25:00,2019-10-19 19:40:00,Mexico: Veracruz->Mexico: Progreso,,67245043.2990801,13099168.019204931,2.6476598210070783,13.863347146468254,5.682417362693051,11.294514873865644,11.276808408291188,2.839523008606474,77.6605200546096,0.4951105605268127,2.3073586092342335,275.2803517803518,6.431147930371216,413.9804853436515,421.16609055998504,19828728.16589934,0.0,2694900.0,408000.0,61746659.508610524,0.0,8639849.4,1270512.0,71657020.90861054,74063416.45077938
49,Mexico: Progreso,United States of America: Myrtle Grove,nan,North East America,24.42,-91.49,29.63,-89.91,2019-10-20 07:05:00,2019-10-21 19:05:00,Mexico: Progreso->United States of America: Myrtle Grove,,56475456.19992306,11751756.140062626,2.375535766789517,11.683818726898036,5.626166046048321,10.11017320155043,10.961150723922414,2.492546920182023,72.24668895501637,0.09004911547773585,2.1383301920147426,141.67014742014743,9.356389677576514,372.8580055922549,378.97563926406633,15292421.616094481,0.0,4003350.0,1105000.0,47620600.91251822,0.0,12834740.099999998,3440970.000000001,63896311.01251822,61742307.68912831
50,United States of America: Myrtle Grove,Mexico: Veracruz,North East America,nan,29.63,-89.91,19.21,-96.14,2019-10-24 14:00:00,2019-10-28 00:40:00,United States of America: Myrtle Grove->Mexico: Veracruz,,138239566.6276809,33398980.33966122,3.0123320286205426,12.836508264519898,8.687373429473954,9.447370770780557,9.854100126564052,2.8039152944294146,72.08545162879395,0.08263573389898994,0.8463538790647438,186.33674090300593,16.124799229438278,779.4591927215488,784.1317739747863,39314647.22818905,0.0,6487650.0,1451800.0,122425811.46858071,0.0,20799405.900000002,4520905.2,147746122.56858075,178265831.79587308
51,Mexico: Veracruz,United States of America: Braithwaite,nan,North East America,19.21,-96.14,29.83,-90.0,2019-11-03 16:20:00,2019-11-06 10:05:00,Mexico: Veracruz->United States of America: Braithwaite,,176121581.92773438,18100915.808536455,2.0228042360074627,20.04896422419154,5.666720386598258,11.716328638638181,12.314818709299685,4.232127515347638,87.66276629564678,0.095170572585796,2.261412979788557,74.96393034825871,12.224069932924486,783.1152246230703,792.2856689455447,40702649.15892891,0.0,5032950.0,860200.0,126748049.48090462,0.0,16135637.699999997,2678662.8000000007,145562349.9809046,171205210.2990116
52,United States of America: Braithwaite,United States of America: Ama,North East America,North East America,29.83,-90.0,29.96,-90.28,2019-11-08 15:05:00,2019-11-08 19:20:00,United States of America: Braithwaite->United States of America: Ama,,8193387.455309137,1254341.2870796465,1.877990698060606,12.629498967721213,5.769088169848485,7.576618942392463,10.439898535618749,2.600666920818182,64.77990191333335,-0.31204226114969696,2.4405880533333333,19.162121212121214,12.758187704957061,34.86411722532469,37.883094711962315,1087218.974116212,0.0,579150.0,207400.0,3385599.8853978845,0.0,1856754.9,645843.6,5888198.385397884,5554070.073095391
53,United States of America: Ama,United States of America: Destrehan,North East America,North East America,29.96,-90.28,29.94,-90.36,2019-11-11 15:35:00,2019-11-11 16:20:00,United States of America: Ama->United States of America: Destrehan,,1831964.817384,653916.7940316666,2.44759873,7.059594672,5.46278921,5.49998725886736,8.5955252081744,1.2709556499999999,43.6349678,2.0044289497000003,2.16394092,95.9,5.3980437577536,4.37435287414905,10.99997451773472,164180.64803981196,0.0,265200.0,81600.0,511258.5379959745,0.0,850231.2,254102.4,1615592.1379959744,1044837.7742809011
54,United States of America: Destrehan,Panama: Colon,North East America,nan,29.94,-90.36,9.47,-79.97,2019-11-13 14:45:00,2019-11-18 19:30:00,United States of America: Destrehan->Panama: Colon,,303243136.8662348,43946007.61478334,2.609546924858277,18.482541825311788,9.288780124777968,11.857927982496953,12.459857708975726,3.976760038583711,87.46506008484506,0.6595431006271069,1.6435302563208614,122.96693121693121,7.130138823897515,1483.6606785529605,1498.4560584357441,103966829.65131812,0.0,6550050.0,125800.0,323752707.5342046,0.0,20999460.299999997,391741.2,345143909.0342046,315491243.5328224
55,Panama: Colon,Panama: Balboa,nan,nan,9.47,-79.97,8.83,-79.53,2019-11-19 09:30:00,2019-11-19 22:50:00,Panama: Colon->Panama: Balboa,,8743534.886154545,4882977.501052336,2.6084172563311685,4.792445234794373,9.825550220806276,4.12293422296162,4.437880057491503,0.6235357227694804,21.8856687879329,0.025638763699675358,0.9274651947510825,196.92207792207796,2.16121768863193,54.8513843283937,57.702897274125085,1162346.6234927736,0.0,1398150.0,588200.0,3619547.3855564976,0.0,4482468.899999999,1831654.8,9933671.085556498,6249877.475470288
56,Panama: Balboa,unknown: Buenaventura,nan,nan,8.83,-79.53,3.89,-77.06,2019-11-20 06:00:00,2019-11-21 15:55:00,Panama: Balboa->unknown: Buenaventura,,77584190.80310416,12641533.628057638,2.7833548041666667,17.5868051236777,9.339744440686273,10.641396930838178,11.254996285302772,3.714484295629902,79.4554836985294,0.3283106202952941,1.6182273220588237,190.27450980392155,7.307409107073432,361.7684152998636,361.80749564849805,23365392.573689267,0.0,2109900.0,292400.0,72759832.47446838,0.0,6764339.4,910533.6,80434705.47446838,72426200.8485575
57,unknown: Buenaventura,Peru: Huarmey,nan,nan,3.89,-77.06,-10.1,-78.19,2019-12-04 21:55:00,2019-12-09 11:45:00,unknown: Buenaventura->Peru: Huarmey,,166430332.30070812,50154387.41526305,3.3827634489039045,11.543204142246246,5.821032995705703,10.019090940464483,10.30440032327963,2.224068652933994,71.31015757452552,0.1760695197651727,1.7180194175375372,190.6378378378378,11.175241243143985,1109.5036176062447,1112.9440924635085,43605552.83348045,0.0,13735800.0,4039200.0,135787691.52345812,0.0,44036974.800000004,12578068.799999991,192402735.12345812,184577458.43394524
58,Peru: Huarmey,Peru: Huarmey,nan,nan,-10.1,-78.19,-10.1,-78.18,2019-12-10 08:00:00,2019-12-10 08:15:00,Peru: Huarmey->Peru: Huarmey,port_activity,81161.70494062499,377474.79065625,2.825762625,0.6255237375,5.829233825,1.7999958740172,1.451004953794,0.0,0.0,-0.21505834999999993,1.3176964500000001,165.0,9.398466448596,0.42620065717636424,1.7999958740172,2598.833915469893,0.0,48750.0,44200.0,8092.768812773246,0.0,156292.5,137638.8,302024.0688127732,249743.18568462736
59,Peru: Huarmey,China: Dalian,nan,North East Asia,-10.1,-78.18,38.9,121.99,2019-12-12 01:50:00,2020-01-16 10:30:00,Peru: Huarmey->China: Dalian,,2214966352.8250747,282100710.9300945,2.5171396189350603,20.337352230526207,9.395866757953371,11.722185398175366,12.197722711440552,4.41977192107093,88.56297851764248,-0.02309460750751565,1.27698439175028,145.39741162691104,14.476529087695194,9948.680631289193,9838.818648369073,687307907.3911942,0.0,42978000.0,1081200.0,2140276823.6161788,0.0,137787467.99999997,3366856.8,2281431148.4161787,2490560506.6167727
60,China: Dalian,China: Yingkou,North East Asia,North East Asia,38.9,121.99,40.23,121.36,2020-01-17 12:30:00,2020-01-18 04:15:00,China: Dalian->China: Yingkou,,39267539.783533745,4873594.465736112,2.146091284313725,17.802352843039213,9.574458130392157,11.371542400022085,11.964702945179827,3.784054774461765,80.94287097058823,0.5750575939411765,1.2748677392156864,256.4264705882353,6.850320850203271,187.33612571966592,193.31622080037545,14134397.326317657,0.0,1023750.0,125800.0,44014513.27415318,0.0,3282142.5,391741.19999999995,47688396.974153176,42283623.0025537
61,China: Yingkou,China: Yingkou,North East Asia,North East Asia,40.23,121.36,40.8,121.04,2020-01-20 21:45:00,2020-01-21 05:50:00,China: Yingkou->China: Yingkou,port_activity,4156247.661748744,3424101.5394015783,2.8480778036195287,3.559193030827441,10.056863903829967,4.723053034242081,5.08249117766329,0.4498737050223064,19.42568988380471,4.543027012212121,0.6203612815656567,211.93518518518516,16.46805529059301,39.76526802415021,42.507477308178736,860484.2258417073,0.0,1025700.0,374000.0,2679547.879271077,0.0,3288394.1999999997,1164636.0,7132578.079271076,6525876.169361264
62,China: Yingkou,China: Yingkou,North East Asia,North East Asia,40.8,121.04,40.26,121.36,2020-01-26 11:50:00,2020-01-26 15:35:00,China: Yingkou->China: Yingkou,port_activity,6976397.159706562,1898662.88040625,2.842664325,10.753598704749999,6.746509670416667,9.501644904631014,9.85036363590444,2.22228718075,65.37117773333333,0.6564257197666666,2.592168244166667,24.183333333333334,9.266285228164268,38.84921842761372,47.50822452315507,2102382.6930488064,0.0,499200.0,122400.0,6546819.706153983,0.0,1600435.1999999997,381153.6,8528408.506153982,8021418.0864591645
63,China: Yingkou,China: Yingkou,North East Asia,North East Asia,40.26,121.36,40.7,120.96,2020-01-27 20:40:00,2020-01-28 01:55:00,China: Yingkou->China: Yingkou,port_activity,4577938.1300031245,2293387.10321875,2.8613688125000003,5.880460025694444,6.784149095138889,6.405540798911044,7.076931467551401,1.0456197831805556,38.425323820833334,-1.0405782721124999,2.3192007208333334,34.19444444444444,9.53183553561289,33.959578342506056,38.43324479346627,1025536.2078203732,0.0,629850.0,207400.0,3193519.7511526425,0.0,2019299.1,645843.6,5858662.451152642,4892536.524734148
64,China: Yingkou,unknown: Pohang,North East Asia,North East Asia,40.7,120.96,36.01,129.41,2020-01-30 03:40:00,2020-02-03 04:10:00,China: Yingkou->unknown: Pohang,,114998733.32590641,34744298.36262324,2.657487397653061,9.044215948900142,5.690745929929139,9.093096882560534,9.391376920509575,1.8919863746063774,57.68155274890305,1.003449640981077,2.0841859101870748,272.73214285714283,14.699049200712214,880.5952326514426,890.7540511212169,40011295.36421081,0.0,7117500.0,2074000.0,124595173.76415244,0.0,22818705.0,6458436.0,153872314.76415247,192670223.26612887
65,unknown: Pohang,Panama: Balboa,North East Asia,nan,36.01,129.41,8.85,-79.53,2020-02-07 09:05:00,2020-03-13 14:35:00,unknown: Pohang->Panama: Balboa,,1447250822.534098,267885403.50791454,2.370597858040064,13.180277507467284,6.8126169702220185,10.735737348486843,11.082684504769603,2.86898371315276,78.97393730268556,0.6300013280898925,2.1142180407938724,126.52130495259928,14.172471877585174,9053.215657992792,9084.337959007386,436188564.617644,0.0,73113300.0,15055200.0,1358291190.2193434,0.0,234401239.80000004,46881892.8,1639574322.8193433,1872100887.5677323
66,Panama: Balboa,United States of America: Galveston,nan,North East America,8.85,-79.53,29.32,-94.53,2020-03-17 11:20:00,2020-03-23 15:35:00,Panama: Balboa->United States of America: Galveston,,216076435.64756835,43244854.48842966,2.174259596929022,11.155214753965662,6.499392270895617,10.903148296670597,10.880900096799149,2.3494507749548097,71.10706225723527,-0.5538568070309361,1.3614174919590198,99.52438817707274,12.919785569795694,1623.2610762059635,1627.743583843158,82599891.05772233,0.0,10436400.0,1645600.0,257216060.75374737,0.0,33459098.4,5124398.399999999,295799557.5537474,336387445.5303339
67,United States of America: Galveston,United States of America: Galveston,North East America,North East America,29.32,-94.53,29.31,-94.81,2020-03-28 12:00:00,2020-03-28 13:50:00,United States of America: Galveston->United States of America: Galveston,port_activity,2646901.683997727,689551.3262414141,2.5809781393939395,10.200006489393939,6.601298302083333,8.521192330241224,8.2338069469552,2.0946528675,57.019925587121215,3.303522853939394,1.0988967299242425,153.79545454545456,12.668903575587393,16.202100366846118,17.042384660482448,587088.1172443604,0.0,265200.0,81600.0,1828192.397098938,0.0,850231.2,254102.4,2932525.9970989376,2629829.501419603
68,United States of America: Galveston,United States of America: Parlier,North East America,North East America,29.31,-94.81,29.86,-93.94,2020-04-03 01:05:00,2020-04-03 11:40:00,United States of America: Galveston->United States of America: Parlier,,19470063.353330527,3358902.8545921086,2.275664952112029,13.451711264136822,5.831354236960514,8.69745466722451,9.375198860596637,2.833437852387282,69.81143339615932,-0.2849915612991276,4.220547696969697,126.07828282828282,13.787983741168278,92.56554493684142,96.93033183304918,3262957.2678155927,0.0,1376700.0,408000.0,10160848.931977756,0.0,4413700.2,1270511.9999999998,15845061.131977756,16615393.765884697
69,United States of America: Parlier,United States of America: Parlier,North East America,North East America,29.86,-93.94,29.86,-93.94,2020-04-06 22:45:00,2020-04-06 22:55:00,United States of America: Parlier->United States of America: Parlier,port_activity,399167.02605,318840.22214722226,2.3868263666666665,3.0764318,7.525754216666666,3.0666595799792002,2.5090942940634666,0.0,0.0,0.5175104233333333,5.581911566666666,132.33333333333334,10.192201066666668,0.6040640854156399,3.0666595799792002,15138.062845759785,0.0,132600.0,40800.0,47139.92770169597,0.0,425115.6,127051.2,599306.7277016959,323195.1734470356
70,United States of America: Parlier,U.K. of Great Britain and Northern Ireland: Immingham,North East America,North Europe,29.86,-93.94,53.61,0.39,2020-04-10 21:30:00,2020-04-29 13:35:00,United States of America: Parlier->U.K. of Great Britain and Northern Ireland: Immingham,HS4,1229337664.7119927,136801387.71417984,2.2811839423370115,21.0895145488379,9.093097205717081,11.975844287891842,12.498390626796226,4.68508452488529,91.57484509897836,0.10868789317134779,1.7542522340828104,186.76576736181408,14.041344538588401,5358.213427445309,5379.687033790978,374078184.91391575,0.0,23337600.0,285600.0,1164879467.8219337,0.0,74820345.6,889358.4,1240589171.8219337,1420696051.5889747
71,U.K. of Great Britain and Northern Ireland: Immingham,unknown: Killingholme,North Europe,North Europe,53.61,0.39,53.64,-0.2,2020-05-01 21:00:00,2020-05-02 01:10:00,U.K. of Great Britain and Northern Ireland: Immingham->unknown: Killingholme,,4229183.819168749,1388375.4420812503,2.078665665,6.518973131666668,9.4389853575,5.874986417470613,5.7330573565003204,1.1585202764,37.63485001166667,-2.1382215187833333,0.17740380500000016,270.6166666666667,10.008508186666665,27.827954004553337,29.374932087353063,912619.0307541104,0.0,497250.0,166600.0,2841895.6617683,0.0,1594183.5,518792.39999999997,4954871.561768299,4112385.526796505
72,unknown: Killingholme,U.K. of Great Britain and Northern Ireland: Immingham,North Europe,North Europe,53.64,-0.2,53.74,0.4,2020-05-03 21:20:00,2020-05-04 01:10:00,unknown: Killingholme->U.K. of Great Britain and Northern Ireland: Immingham,,5949806.7137925,1299941.5905947916,1.9462631424999999,9.171185686,5.936180708750001,6.860817488668241,8.34555955844432,1.8707274986666669,52.47332760833334,0.27212645826433335,2.1653373425,118.05,6.6623497121452,30.731836479267542,34.3040874433412,954067.9925976131,0.0,559650.0,207400.0,2970967.728948967,0.0,1794237.9,645843.6,5411049.228948967,4288141.279035365
73,U.K. of Great Britain and Northern Ireland: Immingham,Russian Federation: St Petersburg,North Europe,nan,53.74,0.4,59.89,30.21,2020-05-04 11:10:00,2020-05-09 15:55:00,U.K. of Great Britain and Northern Ireland: Immingham->Russian Federation: St Petersburg,,175680244.33034495,28471524.22237858,1.7062843151058587,10.853853776084447,5.793090157247475,10.654277172116846,11.183690972544559,2.2577499390127636,73.32993272311757,0.21800584620354954,2.04579146593899,229.52142222222227,13.14039035763582,1362.9616335187065,1331.1604055427106,57078288.49685323,0.0,12643800.0,3141600.0,177741790.37920094,0.0,40536022.80000001,9782942.399999995,228060755.57920092,254869690.4687938
74,Russian Federation: St Petersburg,Belgium: Zeebrugge,nan,North Europe,59.89,30.21,51.8,3.33,2020-05-14 09:25:00,2020-05-20 11:15:00,Russian Federation: St Petersburg->Belgium: Zeebrugge,,316690166.7006791,36177689.789829865,1.8448474667476515,16.504848077244898,10.038351116994654,10.243181682061001,11.249308621861237,3.585653600420311,81.84699012094265,0.258896430281201,0.49173227961613214,260.9287333981211,14.703632047559529,1499.4113532066567,1515.8286363770617,89040800.23301674,0.0,9615450.0,1322600.0,277273051.9256141,0.0,30827132.699999996,4118576.4,312218761.0256141,342623530.44243693
75,Belgium: Zeebrugge,Belgium: Ghent,North Europe,North Europe,51.8,3.33,51.11,3.75,2020-05-20 15:50:00,2020-05-21 01:15:00,Belgium: Zeebrugge->Belgium: Ghent,,15727351.58429,3220990.0103354165,2.192019515909091,11.019338997575757,10.420684529166666,7.328770911537219,7.950550536903489,2.2223322026962813,53.163335959848496,0.9788142342083332,0.2285340477272726,70.93181818181817,6.97116986417297,75.2369942604778,80.61648002690941,4003754.365847336,0.0,1047150.0,289000.0,12467691.095248604,0.0,3357162.9000000004,899945.9999999999,16724799.995248605,13291876.898902535
76,Belgium: Ghent,France: Rouen,North Europe,South Europe,51.11,3.75,49.44,1.05,2020-05-25 22:20:00,2020-05-27 02:45:00,Belgium: Ghent->France: Rouen,,52517696.220605,7886369.77981757,2.035761338821839,13.957264293563219,5.854820030229886,11.325749667995677,11.141622915489803,3.085046981646552,74.20128590632184,0.08421506774367814,2.650828076149426,128.1640804597701,4.772032247102593,323.8593353540958,328.4467403718746,18609681.841554355,0.0,2207400.0,367200.0,57950549.254600264,0.0,7076924.399999999,1143460.7999999998,66170934.45460027,67600071.57708244
77,France: Rouen,France: Petit Couronne,South Europe,South Europe,49.44,1.05,49.39,1.01,2020-05-28 01:30:00,2020-05-28 02:10:00,France: Rouen->France: Petit Couronne,,987233.7870725,596509.5021375001,2.232724275,3.8043691216666664,7.915371899999999,3.9249908878522666,5.630392041504001,0.7469911116666667,27.655805758333333,-2.2581492691666667,0.6298293666666668,43.41666666666667,7.862832864794667,3.095220321193868,7.849981775704533,103430.90068218886,0.0,181350.0,85000.0,322083.82472433604,0.0,581408.1,264690.0,1168181.9247243358,797715.9386088748
78,France: Petit Couronne,Singapore: Tanjong Pagar,South Europe,South East Asia,49.39,1.01,1.26,103.86,2020-05-29 07:20:00,2020-07-11 05:00:00,France: Petit Couronne->Singapore: Tanjong Pagar,,2556085400.893473,326049288.49612874,2.3676068020958616,19.103037401928628,9.19178591550827,11.396537679943366,12.15564212474738,4.255443568113901,88.41479953651546,-0.4611323611769086,0.060798708618654974,146.6635548011639,12.236692658394361,11746.42537188348,11752.341175690717,772362075.360306,0.0,64944750.0,6368200.0,2405135502.671993,0.0,208212868.50000003,19830574.799999997,2633178945.971993,2660491466.7501616
79,Singapore: Tanjong Pagar,Hong Kong: Hong Kong,South East Asia,North East Asia,1.26,103.86,22.27,114.1,2020-07-11 17:35:00,2020-07-16 18:50:00,Singapore: Tanjong Pagar->Hong Kong: Hong Kong,,307740051.4190526,36516911.78265172,2.2407650567598116,19.429625473471187,8.578677006690262,12.582386491301891,12.91790054690629,4.32427558345703,89.77554844444444,0.5272638485894414,1.4859151746323898,197.0557252856433,8.358494138070656,1534.774692753428,1535.7899381664186,113482686.72457612,0.0,6758700.0,285600.0,353385086.46033007,0.0,21668392.2,889358.4,375942837.06033003,356013257.23750246
80,Hong Kong: Hong Kong,China: Zhoushan,North East Asia,North East Asia,22.27,114.1,29.65,122.6,2020-07-17 15:05:00,2020-07-20 08:55:00,Hong Kong: Hong Kong->China: Zhoushan,,157854014.32056051,19809490.452699747,2.2468655875573917,18.433352521814736,8.616881677737606,12.930043611563098,12.760764254427361,4.104883357231634,88.08410003778695,0.27426990332985424,0.9160269933080808,207.97692837465567,14.144611040544232,853.618225827262,853.3828783631648,69677529.15538542,0.0,3591900.0,122400.0,216975825.7898702,0.0,11515631.399999997,381153.6,228872610.78987023,247467021.1491295
81,China: Zhoushan,China: Ningbo,North East Asia,North East Asia,29.65,122.6,29.94,121.84,2020-07-22 00:05:00,2020-07-22 05:35:00,China: Zhoushan->China: Ningbo,,6739303.342115205,1964776.7370424243,2.4513745939393945,8.656780144014393,8.712496256218435,8.517972706055408,8.001390279807962,1.7727768006906564,51.94809942133907,-0.1672588684301768,0.9339427879419193,182.00883838383837,14.59512137659807,48.39724657773671,51.10783623633245,2548710.232150787,0.0,466050.0,125800.0,7936683.662917552,0.0,1494156.2999999998,391741.2,9822581.16291755,10549446.831656767
82,China: Ningbo,China: Longkou,North East Asia,North East Asia,29.94,121.84,37.69,120.16,2020-07-24 07:20:00,2020-07-26 12:50:00,China: Ningbo->China: Longkou,,139224744.74007124,14699931.754258774,2.0423890420454547,19.790868184604374,7.349300964330807,12.559679153159015,12.881711139433879,4.408532134919473,88.5849691463524,0.19439003444292932,1.4801182761363632,246.86321548821547,8.147011679202093,675.145517430881,679.5185046045074,45955102.95812104,0.0,2901600.0,81600.0,143104190.61158895,0.0,9302529.599999996,254102.4,152660822.61158895,155452312.95039392
83,China: Longkou,China: Longkou,North East Asia,North East Asia,37.69,120.16,37.66,120.32,2020-07-28 05:35:00,2020-07-28 06:50:00,China: Longkou->China: Longkou,port_activity,2329051.882899545,696192.6372534848,2.6058364463636363,8.975151764545453,7.777234388636364,7.281801324453237,7.611883273356654,1.8905935004545453,52.45457316363636,1.3390179566363636,0.9364282663636363,41.990909090909085,4.68977904064016,8.57702226291377,14.563602648906475,433446.8546363184,0.0,265200.0,81600.0,1349753.5053374954,0.0,850231.2,254102.4,2454087.1053374954,1663478.217814812
84,China: Longkou,China: Zhoushan,North East Asia,North East Asia,37.66,120.32,30.07,122.99,2020-07-31 06:35:00,2020-08-04 09:20:00,China: Longkou->China: Zhoushan,,97842830.35514763,33384344.86410042,2.500653423433333,7.5664482560980835,5.5798509690166656,6.969500578982482,6.938414079806158,1.4235790211700001,46.17958530403317,-0.08516811303761834,1.4783918335666666,168.64566666666667,16.738542304847524,678.9174678158417,696.4600589777771,22449449.789135713,0.0,10297950.0,3933800.0,69907586.6433686,0.0,33015227.700000007,12249853.2,115172667.54336862,126950619.02919318
85,China: Zhoushan,China: Zhoushan,North East Asia,North East Asia,30.07,122.99,30.11,122.52,2020-08-04 16:15:00,2020-08-05 04:50:00,China: Zhoushan->China: Zhoushan,port_activity,7309645.6400629915,4671940.373171737,2.6903058917443663,4.333567890951826,5.5392009511266505,4.4807005937514575,4.397091456392413,0.44149901869440566,18.521114077657344,1.021427011056216,1.4138258004273505,182.08508158508158,23.432115180713286,56.48085228924455,58.24910771876895,842016.3919885624,0.0,1388400.0,544000.0,2622039.044652384,0.0,4451210.4,1694015.9999999998,8767265.444652382,11119250.700329673
86,China: Zhoushan,China: Zhoushan,North East Asia,North East Asia,30.11,122.52,30.17,122.05,2020-08-05 20:45:00,2020-08-06 01:00:00,China: Zhoushan->China: Zhoushan,port_activity,3549308.125511875,2025853.4619847222,2.5275776194444446,4.559162653194444,5.54846629513889,4.808322234599601,6.099466589437534,0.7381291355416666,26.75693981480556,1.8340338053472223,1.3933677541666667,187.34722222222226,17.958381752028,25.665981657091955,28.849933407597604,473854.065652188,0.0,608400.0,251600.0,1475581.560440913,0.0,1950530.4,783482.3999999999,4209594.360440913,4649228.708444122
87,China: Zhoushan,China: Zhoushan,North East Asia,North East Asia,30.17,122.05,30.17,122.02,2020-08-07 05:30:00,2020-08-07 09:05:00,China: Zhoushan->China: Zhoushan,port_activity,476143.783919125,458535.91768891667,0.85814582225,0.9174254025416667,3.4722100860416663,0.9162478921366466,1.6333612311865,0.043898195,3.3854027499999995,0.37981215691666664,0.4604409529166667,165.91666666666666,13.173565901547335,1.807276713881106,3.6649915685465864,13595.108407286916,0.0,220350.0,173400.0,42335.16758029145,0.0,706442.1,539967.6,1288744.8675802913,1088781.6820352422
88,China: Zhoushan,China: Zhoushan,North East Asia,North East Asia,30.17,122.02,30.16,122.05,2020-08-22 08:05:00,2020-08-22 08:40:00,China: Zhoushan->China: Zhoushan,port_activity,0.0,0.0,0.0,0.0,3.76718781875,2.962493218128,-0.53283182947072,0.0,0.0,14.1006480875,1.0942062375,128.375,11.033721751404,1.7543983346315455,2.962493218128,8665.308287507005,0.0,48750.0,44200.0,26983.77000729681,0.0,156292.5,137638.8,320915.0700072968,249743.18568462736
89,China: Zhoushan,China: Zhoushan,North East Asia,North East Asia,30.16,122.05,30.37,122.42,2020-08-24 08:10:00,2020-08-24 14:00:00,China: Zhoushan->China: Zhoushan,port_activity,5752934.26711625,2093201.5793772219,2.204647858809524,5.615468589523809,5.416966057738096,7.599982478983409,7.1544959090561395,1.0463298500616882,44.707605315476194,0.6087414409261905,1.9778498350000002,40.58095238095238,9.536849329949524,50.47789358623268,64.74818438370386,1867141.1862779236,0.0,661050.0,207400.0,5814277.6540694535,0.0,2119326.3000000003,645843.6,8579447.554069454,8489267.277902551
90,China: Zhoushan,China: Zhoushan,North East Asia,North East Asia,30.37,122.42,30.37,122.42,2020-08-25 15:05:00,2020-08-25 15:10:00,China: Zhoushan->China: Zhoushan,port_activity,49169.485207499994,216033.43127916666,1.61721845,0.37895557,5.458120825,0.7999981597504,0.4924989222528,0.0,0.0,0.451003505,1.44016405,319.0,25.697564800000002,0.006917445864931619,0.7999981597504,218.66313784092836,0.0,29250.0,44200.0,680.9170112366509,0.0,93775.5,137638.8,232095.21701123664,249743.18568462736
91,China: Zhoushan,China: Zhoushan,North East Asia,North East Asia,30.37,122.42,30.16,122.06,2020-08-26 02:45:00,2020-08-26 10:25:00,China: Zhoushan->China: Zhoushan,port_activity,6821147.096257624,3146272.914633333,2.6403574944444443,5.077822108824074,5.3305597,6.459244300875912,6.428546711778418,0.9759087243601853,41.57602774712963,0.881700878,1.804339466666667,277.9166666666667,19.245815853651703,53.995915933541475,62.65818854762093,1292405.3531847133,0.0,1109550.0,370600.0,4024550.2698171977,0.0,3557217.3,1154048.4,8735815.969817197,11577421.885575246
92,China: Zhoushan,China: Zhoushan,North East Asia,North East Asia,30.16,122.06,30.17,122.02,2020-08-26 22:50:00,2020-08-26 23:35:00,China: Zhoushan->China: Zhoushan,port_activity,565833.3659334562,693473.9669229167,2.5956605125000003,2.1804753985875,5.029584462499999,3.537491890589,4.613360350406,0.0038662499375,0.271645825,0.7445357281250001,1.0398687875,323.75,7.4546264121490005,2.580740522233597,7.074983781178,36664.19968079065,0.0,265200.0,81600.0,114172.31780598208,0.0,850231.2,254102.4,1218505.9178059818,647611.7241776794
93,China: Zhoushan,China: Zhoushan,North East Asia,North East Asia,30.17,122.02,30.17,122.01,2020-08-28 22:50:00,2020-08-28 23:15:00,China: Zhoushan->China: Zhoushan,port_activity,211523.168034375,720992.96180625,2.6986636125,0.8151181812499999,4.820214275,1.462496559255,0.8750434196274001,0.0,0.0,1.0192796875,-0.12013842499999967,168.375,10.715418097192,0.5487327137336921,2.92499311851,2582.1488691592103,0.0,97500.0,88400.0,8040.811578561781,0.0,312585.0,275277.6,595903.4115785618,499486.3713692547
94,China: Zhoushan,China: Zhoushan,North East Asia,North East Asia,30.17,122.01,30.16,122.27,2020-08-29 05:25:00,2020-08-29 07:00:00,China: Zhoushan->China: Zhoushan,port_activity,2691415.838003393,983580.5312736111,2.454349423015873,6.9143631034126996,5.157969087103175,7.115459826864864,6.638315428999465,1.3923915454488096,40.831607139285715,0.6031679910476191,1.7571198432539683,224.08333333333334,3.8546655887191554,16.088761371962537,21.346379480594592,761307.8428345987,0.0,294450.0,125800.0,2370712.62258694,0.0,944006.7,391741.19999999995,3706460.5225869403,3233846.2085689693
95,China: Zhoushan,unknown: Pelican,North East Asia,North West America,30.16,122.27,58.09,-137.0,2020-08-30 06:45:00,2020-09-17 09:40:00,China: Zhoushan->unknown: Pelican,HS6a,536940501.246757,123170620.28724135,2.1165730086447616,9.491698447202879,5.78745719730218,10.256746152904238,10.604867800438583,2.0265118701013956,68.64326953801606,-0.08256579592781664,2.287833704307467,176.87971457696227,11.687444005870391,4452.603055649832,4474.310206029496,185628595.40665263,0.0,44134350.0,11019400.0,578047446.0963163,0.0,141494726.10000002,34314411.599999994,753856583.7963161,825993784.1688323
96,unknown: Pelican,unknown: Pelican,North West America,North West America,58.09,-137.0,58.17,-136.97,2020-09-17 19:35:00,2020-09-17 19:50:00,unknown: Pelican->unknown: Pelican,port_activity,50912.31899625,213698.8154,1.5997416,0.392387815,6.114588375,1.0749975004368,-0.33968261689776,0.0,0.0,0.7325428425,1.7772891499999999,123.25,5.4135944,0.2185948357520571,1.0749975004368,571.7755560169347,0.0,48750.0,44200.0,1780.5090814367347,0.0,156292.5,137638.8,295711.8090814367,249743.18568462736
97,unknown: Pelican,unknown: Juneau,North West America,North West America,58.17,-136.97,58.13,-134.76,2020-09-18 08:25:00,2020-09-18 23:05:00,unknown: Pelican->unknown: Juneau,,8235004.610621786,3763419.6350111114,1.7627558942708332,3.427283062224703,5.928456700706845,5.248946247332995,5.268608211321867,0.6399428715435606,28.258029428645834,0.9688457860691221,2.010010261532738,114.86755952380952,3.247022733101924,79.64659016204541,94.34621174526029,2481340.1318626245,0.0,1433250.0,635800.0,7726893.170620212,0.0,4594999.5,1979881.2,14301773.87062021,11563881.105758913
98,unknown: Juneau,United States of America: Hyde,North West America,North West America,58.13,-134.76,55.91,-130.01,2020-09-20 22:50:00,2020-09-22 22:50:00,unknown: Juneau->United States of America: Hyde,,55489158.6400567,11792236.18102241,1.8015955805658628,8.69659330914193,8.394482925363327,8.805251779437041,9.413203111833463,1.8820049549624676,61.57276539492889,-0.7853390591754484,-0.0367391014069264,142.3017934446506,9.411665751575809,424.15921790819755,432.2512747361899,19813397.157192633,0.0,5350800.0,1428000.0,61698918.74749785,0.0,17154664.8,4446792.0,83300375.54749785,73532606.48245788
99,United States of America: Hyde,Japan: Hachinohe,North West America,North East Asia,55.91,-130.01,40.57,141.55,2020-09-24 15:00:00,2020-10-10 22:50:00,United States of America: Hyde->Japan: Hachinohe,HS6b,699299050.9948277,98160554.91293095,2.10546986124432,15.440584351457202,9.839290493780934,10.145782306339381,10.675384768521303,3.39610699277139,76.66967048723039,0.29549348068452114,0.4660903377977483,223.7349049231571,16.52502216551077,3732.1697837323063,3541.4477203647593,218351149.00970083,0.0,21325200.0,3073600.0,679945478.0162083,0.0,68368591.2,9571190.4,757885259.6162084,924387399.5285494
100,Japan: Hachinohe,Japan: Hachinohe,North East Asia,North East Asia,40.57,141.55,40.56,141.5,2020-10-13 20:55:00,2020-10-13 21:55:00,Japan: Hachinohe->Japan: Hachinohe,port_activity,1376089.9069437499,666344.4542854168,2.4941152375,5.302851279166667,10.468608020833333,3.758324692853667,4.1093546234832665,0.27408667125,10.640499833333333,2.487757310833333,-0.45389845833333325,258.91666666666663,8.194905555759332,3.9133770787382227,7.516649385707334,69120.7521909192,0.0,265200.0,81600.0,215242.02232252236,0.0,850231.2,254102.4,1319575.622322522,709131.1940729383
101,Japan: Hachinohe,Japan: Akita,North East Asia,North East Asia,40.56,141.5,39.79,139.97,2020-10-16 07:15:00,2020-10-17 06:10:00,Japan: Hachinohe->Japan: Akita,,45026841.864157304,6699113.337050231,2.0895022596064816,14.425188353572915,9.317070728125001,10.426017570610952,11.91286484125421,3.162783447927893,78.80431511435184,0.19932661327118054,0.4947308203703704,215.86342592592595,10.137305577603309,246.13409938796653,251.224419307958,14885757.699095512,0.0,1706250.0,289000.0,46354249.47498342,0.0,5470237.5,899946.0,52724432.97498342,49160076.68514522
102,Japan: Akita,Japan: Akita,North East Asia,North East Asia,39.79,139.97,39.76,140.04,2020-10-19 05:15:00,2020-10-19 05:50:00,Japan: Akita->Japan: Akita,port_activity,478907.88577500003,339432.4931739583,2.5409793625,3.6910049,9.90813594375,5.1874880173206,5.3269355246848,0.62597500975,28.3942080625,0.9072038798750001,-0.42559681250000003,284.25,6.985674951404,3.1121087703966728,5.1874880173206,85473.96614706436,0.0,132600.0,40800.0,266165.93058195844,0.0,425115.6,127051.2,818332.7305819583,482904.18131649337
103,Japan: Akita,Republic of Korea: Ulsan,North East Asia,North East Asia,39.76,140.04,35.44,129.44,2020-10-21 04:15:00,2020-10-24 01:20:00,Japan: Akita->Republic of Korea: Ulsan,,116327307.6850627,22858912.695503417,2.446777666705628,12.762229778753753,8.983891789703826,9.65539469705757,9.834266130535571,2.7859606167121576,67.23830120006855,1.0897657462967836,1.226872745862193,252.4507359307359,16.11372465435086,669.8197314443734,677.6440389002918,41147811.10361462,0.0,4098900.0,816000.0,128134283.7766559,0.0,13141073.399999997,2541023.9999999995,143816381.17665586,162297787.1412479
104,Republic of Korea: Ulsan,Republic of Korea: Ulsan,North East Asia,North East Asia,35.44,129.44,35.44,129.36,2020-11-06 04:15:00,2020-11-06 05:00:00,Republic of Korea: Ulsan->Republic of Korea: Ulsan,port_activity,945289.9631666666,636351.0125712963,2.381850327777778,3.6427358888888888,9.44680868611111,3.5833249960564446,2.9557295170210405,0.5761559229444444,20.079981244444443,0.8392919805555557,0.6828086055555562,213.0,7.088536544132445,4.472452829552029,7.166649992112889,148499.12778060616,0.0,161850.0,85000.0,462426.2839088075,0.0,518891.1,264690.0,1246007.3839088073,905198.4345814999
105,Republic of Korea: Ulsan,Japan: Futajima,North East Asia,North East Asia,35.44,129.36,34.02,130.15,2020-11-07 03:00:00,2020-11-07 15:05:00,Republic of Korea: Ulsan->Japan: Futajima,,15627133.386172526,4403700.134159154,2.4972928703379953,8.416362143230712,7.253441125116552,8.14304646636714,8.408158922175101,1.84603159958042,53.018070602564094,0.3518674025558858,2.692130449067599,261.43939393939394,10.894283020007297,104.42651884549103,115.179279552437,5376760.285823376,0.0,815100.0,258400.0,16743231.530053994,0.0,2613210.6000000006,804657.6,20161099.73005399,20188543.092657182
106,Japan: Futajima,Japan: Izuhara,North East Asia,North East Asia,34.03,130.15,34.09,129.96,2020-11-07 21:50:00,2020-11-08 04:00:00,Japan: Futajima->Japan: Izuhara,,2118917.0013068123,2581214.324815972,2.415359630208333,2.041345858677083,7.6131202703125,2.8291601190139,2.40768574934025,0.4127763187502083,11.832565909791667,0.68199523,2.1418763177083333,329.72916666666663,11.916346530534833,20.968879690684624,22.633280952111203,453944.81337474205,0.0,538200.0,346800.0,1413584.1488489467,0.0,1725469.2,1079935.2,4218988.548848947,3519435.8518108837
107,Japan: Izuhara,Japan: Saganoseki,North East Asia,North East Asia,34.09,129.95,33.26,131.86,2020-11-08 10:00:00,2020-11-09 13:00:00,Japan: Izuhara->Japan: Saganoseki,,23936823.16495543,8678636.276055366,2.313559140800866,6.128203689432061,7.561570208306277,5.9505274328854085,6.009456394323465,1.2951903289732083,35.350295657982144,0.24540341396669368,2.2183364537878787,323.4301948051948,15.0857761837929,164.47561593824173,176.4230789186257,7304767.849416487,0.0,1948050.0,860200.0,22747047.08308294,0.0,6245448.3,2678662.8,31671158.18308294,33859405.64567056
108,Japan: Saganoseki,Taiwan: Taichung,North East Asia,North East Asia,33.26,131.86,24.27,120.52,2020-11-11 02:00:00,2020-11-14 04:50:00,Japan: Saganoseki->Taiwan: Taichung,,152131529.09689963,24725658.119554233,2.4678207693939394,15.633236593492926,6.859716105671717,11.924073444308197,12.817598878286304,3.4549752380770102,83.98558514683334,0.3060159519453929,0.8901417661717171,76.5,20.09091759083668,891.4212429437677,894.2289933629971,52133540.666502714,0.0,4212000.0,204000.0,162343845.6354894,0.0,13503671.999999996,635256.0,176482773.63548946,282706857.2435408
109,Taiwan: Taichung,China: Fangcheng,North East Asia,North East Asia,24.27,120.52,21.38,108.38,2020-11-15 05:50:00,2020-11-17 23:00:00,Taiwan: Taichung->China: Fangcheng,,109681063.3076863,22913452.85439893,2.5702044248190865,12.457731257244122,6.996668089439168,11.653410425943479,11.704638044225934,2.7221881290128898,75.22485770939915,-0.2793723362042268,1.2608870663048395,68.17232021709634,16.141147094643163,772.7806989536742,796.1216445295743,46282475.51481891,0.0,4603950.0,656200.0,144123628.75314605,0.0,14760263.7,2043406.7999999998,160927299.25314608,204437338.09938172
110,China: Fangcheng,China: Fangcheng,North East Asia,North East Asia,21.38,108.38,21.61,108.33,2020-11-18 10:20:00,2020-11-18 12:40:00,China: Fangcheng->China: Fangcheng,port_activity,1475345.694661146,965556.9876498842,2.409374891203704,3.7902265758796294,7.198043334027777,6.018504554717971,6.1661405279488894,0.6683384920550264,29.418101852380953,-0.7929272261111112,0.9302068041666667,209.0601851851852,6.492065637728963,14.452232182214958,18.055513664153914,333401.9651420594,0.0,397800.0,122400.0,1038213.7194523729,0.0,1275346.7999999998,381153.6,2694714.1194523727,1741673.8319588858
111,China: Fangcheng,China: Basuo,North East Asia,South East Asia,21.61,108.33,19.72,109.07,2020-11-22 14:05:00,2020-11-23 01:25:00,China: Fangcheng->China: Basuo,H7,17200520.209089372,4108213.4095885735,2.5628280783459596,11.047219145208333,5.430657252809344,10.516200462648387,11.114899841457403,2.4175500633141165,70.17140481659092,0.5771568281905303,1.9355264315025253,105.38573232323233,9.363896967082281,123.61291540731287,126.19440555178063,5508973.758768726,0.0,936000.0,163200.0,17154944.284805812,0.0,3000816.0000000005,508204.8,20663965.08480581,22566491.992673304
112,China: Basuo,China: Basuo,South East Asia,South East Asia,19.72,109.07,19.77,109.11,2020-11-24 03:15:00,2020-11-24 04:00:00,China: Basuo->China: Basuo,port_activity,354108.8875724999,655216.523649074,2.4524635944444446,1.364581455,5.761245408333333,2.5499941347443555,1.9669909475753777,0.13723907333333335,8.593500222222222,-0.09260081222222222,1.0116434388888889,70.0,10.45245951485511,3.3294937055046123,5.099988269488711,47921.513528625226,0.0,161850.0,85000.0,149227.59312813895,0.0,518891.1,264690.0,932808.6931281389,717973.8477396405
113,China: Basuo,Australia: Port Stanvac,South East Asia,nan,19.77,109.11,-34.79,138.27,2020-11-25 04:15:00,2020-12-14 18:55:00,China: Basuo->Australia: Port Stanvac,,792642561.3076336,161587243.48447004,2.567831315100045,12.969976158465949,5.726516027135313,10.092390198332764,10.149968633531168,2.7581338926914443,74.86681800794875,0.30736728010484243,2.1941067415963245,150.97722125715757,15.445887899368834,4755.114469234131,4753.486642120408,201557983.98579115,0.0,45245850.0,10869800.0,627651562.1317537,0.0,145058195.10000002,33848557.199999996,806558314.4317536,1016556368.8724669
114,Australia: Port Stanvac,Australia: Port Stanvac,nan,nan,-34.79,138.27,-34.83,138.51,2020-12-20 00:10:00,2020-12-20 02:35:00,Australia: Port Stanvac->Australia: Port Stanvac,port_activity,1896227.4514843437,1036784.7308009722,2.587110993888889,4.871489920319444,5.824833428055555,6.503318292428311,6.927539927823445,1.0143651984166668,38.26843099305555,0.13922181041666662,2.224005081111111,206.0222222222222,4.326825852253422,16.39155600661581,19.509954877284933,434560.8395391776,0.0,397800.0,122400.0,1353222.454324999,0.0,1275346.7999999998,381153.6,3009722.8543249983,2089294.500865373
115,Australia: Port Stanvac,Australia: Port Stanvac,nan,nan,-34.83,138.51,-34.77,138.49,2020-12-23 19:25:00,2020-12-23 20:20:00,Australia: Port Stanvac->Australia: Port Stanvac,port_activity,551261.0675069999,672983.943935,2.518966727142857,2.124320106,5.801310695714286,4.747131914879017,4.801755191313365,0.408020762,28.080519114285714,-0.24295818000000002,1.9440671828571428,129.34285714285716,4.946239720160457,4.679678553601806,9.494263829758035,111810.01251970445,0.0,265200.0,81600.0,348176.37898635963,0.0,850231.2,254102.4,1452509.9789863597,854155.035053083
116,Australia: Port Stanvac,Indonesia: Banten,nan,South East Asia,-34.77,138.49,-6.01,105.91,2020-12-28 16:40:00,2021-01-08 04:00:00,Australia: Port Stanvac->Indonesia: Banten,,602730480.0977955,75520824.0614276,2.2346916453377648,18.361206200476406,9.516813512851838,11.94049820781251,12.628359363304437,4.0834949936335185,88.78151605788118,0.41162024560981786,1.2584358422206252,166.252694933525,14.400483705464005,3015.473232275009,3021.093015943852,214731019.79219413,0.0,13133250.0,207400.0,668672395.6328926,0.0,42105199.49999999,645843.6,711423438.7328925,789024156.4700763
117,Indonesia: Banten,Indonesia: Banten,South East Asia,South East Asia,-6.01,105.91,-6.01,105.96,2021-01-08 09:55:00,2021-01-08 10:45:00,Indonesia: Banten->Indonesia: Banten,port_activity,291779.37751819496,777574.5664341666,2.79691051,4.78199293731,10.0585128575,4.55998932882824,4.586937560284239,0.9229608338449,32.19323381995,-2.3233820415,0.11539418499999951,349.75,2.9993451297192,3.5065437547298086,5.1599881167832,122909.28962039258,0.0,265200.0,81600.0,382739.52787790244,0.0,850231.2,254102.4,1487073.1278779022,792753.7601504984
118,Indonesia: Banten,Singapore: Tanjong Pagar,South East Asia,South East Asia,-6.01,105.96,1.28,103.9,2021-01-10 16:00:00,2021-01-13 10:20:00,Indonesia: Banten->Singapore: Tanjong Pagar,,105215637.59119485,20186835.217994507,2.257223934249209,12.00005595370804,8.09804808587743,9.453121545118583,10.411468745642402,2.534232966008771,73.9394118960052,-0.782907101944282,1.3667761607553144,143.72535052012665,16.64413963379324,631.7775038655737,637.272467800346,27872859.969804335,0.0,7573800.0,2080800.0,86796085.9459707,0.0,24281602.80000001,6479611.2,117557299.94597068,128784073.24927698
119,Singapore: Tanjong Pagar,Malaysia: Lumut,South East Asia,South East Asia,1.28,103.9,4.15,100.53,2021-01-16 00:00:00,2021-01-17 02:55:00,Singapore: Tanjong Pagar->Malaysia: Lumut,,37101265.331381254,7917752.660261111,2.195259627160494,10.590527462037036,8.223635191203703,11.237319696032229,11.280260901985685,2.2264359616635807,72.61835398734569,0.10404169217438272,1.2080329805555559,91.48148148148148,6.26402438980084,303.7940167582383,303.4076317928702,18143416.800874963,0.0,1614600.0,122400.0,56498599.91792463,0.0,5176407.600000001,381153.6,62056161.117924616,57144777.05003675
120,Malaysia: Lumut,Malaysia: Lumut,South East Asia,South East Asia,4.15,100.53,4.26,100.66,2021-01-17 10:20:00,2021-01-17 12:35:00,Malaysia: Lumut->Malaysia: Lumut,port_activity,1536246.3688328126,1004325.3881013889,2.5061145055555554,3.946683028472222,8.689929065277779,5.477765076208134,5.722386031378978,0.662503137861111,28.041606583333333,0.8794233936111112,0.5023788416666665,295.8611111111111,5.760785822222222,13.329820751098696,16.433295228624402,353934.285978721,0.0,397800.0,122400.0,1102151.3665377372,0.0,1275346.7999999998,381153.6,2758651.766537737,1708838.9687779297
121,Malaysia: Lumut,unknown: Tanjung Pinang,South East Asia,South East Asia,4.26,100.66,1.42,104.71,2021-01-20 22:40:00,2021-01-22 11:20:00,Malaysia: Lumut->unknown: Tanjung Pinang,,46251130.95335581,13099583.681478195,2.5739411579824565,9.243585316857457,5.592645347653509,9.982520794909174,10.30438193394818,1.9798899467951752,67.07676960881581,0.2348849139984649,2.5672566314473686,125.71447368421049,7.191926644079825,372.69612408898143,382.5091165165745,15916550.819708705,0.0,3543150.0,860200.0,49564139.252572894,0.0,11359338.899999999,2678662.8000000007,63602140.95257289,62217506.00674733
122,unknown: Tanjung Pinang,Australia: Geraldton,South East Asia,nan,1.42,104.71,-28.68,114.54,2021-01-29 08:35:00,2021-02-08 00:20:00,unknown: Tanjung Pinang->Australia: Geraldton,,279240670.4770736,80758417.8614333,2.5956185421257643,9.235821386499934,5.735404852092275,8.90548342685215,9.148170078350182,1.9999842007866695,66.0660763736705,-0.11910477298037224,1.9232890492996488,246.07727272727274,14.620949271275391,2073.7271110531465,2076.3888474451323,72038040.78472465,0.0,27208350.0,7714600.0,224326459.00363255,0.0,87229970.1,24023264.399999995,335579693.50363255,369792743.34553844
123,Australia: Geraldton,Australia: Geraldton,nan,nan,-28.68,114.54,-28.68,114.54,2021-02-10 10:45:00,2021-02-10 11:30:00,Australia: Geraldton->Australia: Geraldton,port_activity,675818.0215886785,817921.4907666666,3.061465342857143,2.604308368357143,5.968159696428572,1.497615567685143,1.1839099156050323,0.030040477142857146,0.9409285714285714,2.0312864652380953,1.5189227785714285,174.0,22.54622990476191,1.1422176526915169,2.9952311353702856,3798.657988889676,0.0,97500.0,88400.0,11829.020977402452,0.0,312585.0,275277.6,599691.6209774024,499486.3713692547
124,Australia: Geraldton,Australia: Geraldton,nan,nan,-28.68,114.54,-28.68,114.55,2021-02-11 10:50:00,2021-02-11 11:55:00,Australia: Geraldton->Australia: Geraldton,port_activity,602515.842144125,789962.7859861112,2.956816416666667,2.3218336884166666,5.8934976875,1.308330311609467,1.1149926822203402,0.0,0.0,1.4063589666666667,1.6634103250000003,171.0,23.22807806666667,1.536547772129162,2.6166606232189333,2750.624790083386,0.0,78000.0,88400.0,8565.445596319663,0.0,250068.0,275277.6,533911.0455963197,499486.3713692547
125,Australia: Geraldton,Australia: Geraldton,nan,nan,-28.68,114.55,-28.78,114.6,2021-02-25 08:35:00,2021-02-25 11:25:00,Australia: Geraldton->Australia: Geraldton,port_activity,2984623.086069375,1477212.5953433334,2.7808341266666665,4.800786474374999,5.741953322500001,5.4937372806552,5.48457089733114,0.80804915721875,32.787397365625,0.02837744644166665,1.7490836041666666,194.51666666666668,13.537873739125132,15.60108099285441,22.37994816556253,327570.4433452807,0.0,530400.0,163200.0,1020054.3605772041,0.0,1700462.4,508204.8,3228721.5605772045,2751500.2654472953
126,Australia: Geraldton,Australia: Geraldton,nan,nan,-28.78,114.6,-28.78,114.53,2021-02-27 03:10:00,2021-02-27 04:15:00,Australia: Geraldton->Australia: Geraldton,port_activity,932765.009115,737755.7037929167,2.7614062525,3.59447017,9.330301822500001,4.0224907491818,3.9970905676038004,0.5109468319999999,20.179383065,3.8888166794999997,-0.19930125499999965,176.25,15.4044461809284,5.327928924222318,8.0449814983636,116440.86998505837,0.0,181350.0,85000.0,362596.86913347174,0.0,581408.1,264690.0,1208694.9691334716,1008789.940820817
127,Australia: Geraldton,unknown: Balikpapan,nan,South East Asia,-28.78,114.53,-1.35,117.01,2021-02-27 10:55:00,2021-03-05 23:30:00,Australia: Geraldton->unknown: Balikpapan,,284118916.42806554,45353395.08249222,2.1498674173109484,13.833907692263274,8.788273623108182,11.288530390221279,11.703433994051117,2.977008713413838,80.38845781167097,0.8311957097412666,0.8417240716955724,228.4436804756425,11.128550864887822,1779.5820220175074,1787.338615446059,108478737.12453538,0.0,8418150.0,248200.0,337802787.4058032,0.0,26988588.89999999,772894.8,365564271.1058032,368733359.7980525
128,unknown: Balikpapan,Philippines: Subic Bay,South East Asia,South East Asia,-1.35,117.01,14.7,120.15,2021-03-06 23:20:00,2021-03-10 20:50:00,unknown: Balikpapan->Philippines: Subic Bay,,181309382.01953056,25920623.229180112,2.0644977030061247,14.856072465327856,8.7344695191167,11.281775948208361,11.75879113300999,3.213504414276273,81.60284857727272,-0.3766359612033591,0.9251075712927144,71.59792069632495,12.810975602629012,1062.349348306088,1061.5422397289876,64665200.20190408,0.0,5009550.0,166600.0,201367433.4287293,0.0,16060617.299999993,518792.39999999997,217946843.12872934,235212693.44097438
129,Philippines: Subic Bay,Philippines: Subic Bay,South East Asia,South East Asia,14.7,120.15,14.8,120.27,2021-03-12 05:30:00,2021-03-12 07:45:00,Philippines: Subic Bay->Philippines: Subic Bay,port_activity,1156041.845658575,1008149.9541866665,2.515658026666667,2.969921247677778,9.244915529166667,4.559433883999627,4.835949962390172,0.4585777044055556,25.156273797777782,0.7397500491366668,0.10463326499999981,60.166666666666664,12.422433518171289,10.231316475468114,13.678301651998881,198995.6256457255,0.0,313950.0,125800.0,619672.3782607891,0.0,1006523.7,391741.19999999995,2017937.2782607889,1519641.1630567098
130,Philippines: Subic Bay,Malaysia: Kuantan,South East Asia,South East Asia,14.8,120.27,3.96,103.55,2021-03-15 05:45:00,2021-03-18 23:55:00,Philippines: Subic Bay->Malaysia: Kuantan,,215349432.19644463,34536175.119236305,2.8414099915667665,18.103856888113885,5.348322815571929,13.402732956588467,13.621364453845842,4.059588432534614,88.87281492841551,-0.1251006352052937,2.9568527102480857,76.65651015651015,8.453862453851787,1214.9799844344752,1226.4464106944408,75020294.70987548,0.0,4941300.0,163200.0,233613197.72655216,0.0,15841807.799999995,508204.8,249963210.3265522,290082691.45754075
131,Malaysia: Kuantan,Malaysia: Kuantan,South East Asia,South East Asia,3.96,103.55,3.97,103.43,2021-03-19 19:20:00,2021-03-19 21:00:00,Malaysia: Kuantan->Malaysia: Kuantan,port_activity,1015921.3350718749,1061810.8750034722,2.649559263888889,2.6099456263888894,5.901815744444444,4.026379556878978,3.7705693979780537,0.43843526661097226,18.62920357347222,-0.1578347834722222,1.9175166111111113,309.1805555555556,5.96083933935689,9.018385552912214,12.079138670636933,177680.7329891314,0.0,294450.0,125800.0,553297.8025281552,0.0,944006.7,391741.19999999995,1889045.7025281552,1339491.7811159962
132,Malaysia: Kuantan,Singapore: Jurong,South East Asia,South East Asia,3.97,103.43,1.3,103.73,2021-03-22 19:00:00,2021-03-23 16:10:00,Malaysia: Kuantan->Singapore: Jurong,,31150778.965644613,8103784.995872222,2.719120557679064,10.5049709806281,6.072130350223829,11.122632674947864,10.337937679738143,2.3077896588422866,66.05159402923246,0.20490947036577137,1.783972727376033,19.577134986225897,11.54343759367764,242.8612188269989,253.95168500257316,13295564.073472586,0.0,1604850.0,289000.0,41402386.52479362,0.0,5145149.100000001,899946.0,47447481.62479363,52847008.76747462
133,Singapore: Jurong,Malaysia: Kuantan,South East Asia,South East Asia,1.3,103.73,3.97,103.56,2021-03-25 01:45:00,2021-03-25 23:05:00,Singapore: Jurong->Malaysia: Kuantan,,45238925.40374687,7032135.589256945,2.307497016304348,14.556838150181155,5.962016571557971,10.670627487120187,11.401553323783387,3.1057836061047097,75.24399367032609,-0.1090288396902174,1.8507963307971018,94.78985507246377,8.384570716186202,241.3571569128956,254.341078027243,11799917.193040181,0.0,1491750.0,207400.0,36744942.13912712,0.0,4782550.500000002,645843.6,42173336.23912712,44899474.45858822
134,Malaysia: Kuantan,Malaysia: Kuantan,South East Asia,South East Asia,3.97,103.56,3.97,103.43,2021-04-01 14:00:00,2021-04-01 15:50:00,Malaysia: Kuantan->Malaysia: Kuantan,port_activity,961895.3787661933,738307.2788282828,2.763470787878788,3.7067259297348487,6.257332029356061,5.726880715572037,5.629468021550375,0.662565741970606,32.209654220628785,0.42108333382575747,1.1629769723484848,47.13636363636364,3.740419393939394,10.632702862145063,11.453761431144073,170326.37622426887,0.0,265200.0,81600.0,530396.3355623732,0.0,850231.2,254102.4,1634729.9355623731,1003884.2874411463
135,Malaysia: Kuantan,South Africa: Port Elizabeth,South East Asia,nan,3.97,103.43,-33.9,25.68,2021-04-06 20:50:00,2021-04-26 01:00:00,Malaysia: Kuantan->South Africa: Port Elizabeth,,1027893524.7239912,165825193.8085171,2.686659541653549,17.14586850210051,6.647127689429523,12.429938166967164,12.618664770517404,3.799410521395693,86.82802326907255,0.28914925151987697,1.000070864964253,164.6302505575233,10.092342678549612,5733.636496018297,5742.874614480598,357314111.0909624,0.0,26841750.0,1757800.0,1112676141.9372568,0.0,86054650.5,5473789.199999999,1204204581.637257,1317117195.5401375
136,South Africa: Port Elizabeth,South Africa: Port Elizabeth,nan,nan,-33.9,25.68,-33.94,25.71,2021-04-26 10:35:00,2021-04-26 12:00:00,South Africa: Port Elizabeth->South Africa: Port Elizabeth,port_activity,446514.27089259995,998114.7979269444,2.490617087777778,1.1471143760888889,7.226689151666666,2.690549368220178,2.22441814253396,0.20723066199999998,7.380266333333334,-9.775538567688889,0.3983104555555556,182.37222222222223,7.218881961031556,2.989669617662688,8.071648104660534,76544.76472884059,0.0,230100.0,129200.0,238360.39736560953,0.0,737700.6,402328.8,1378389.7973656093,959379.3077083692
137,South Africa: Port Elizabeth,United States of America: Galveston,nan,North East America,-33.94,25.71,29.2,-94.62,2021-04-26 20:20:00,2021-05-21 22:25:00,South Africa: Port Elizabeth->United States of America: Galveston,,1389324064.2755728,185718632.2697717,2.305405440750917,17.745248392972005,6.604594645746395,13.405737436897983,13.337959238583803,3.896474190248873,88.39480440010679,-0.2098467885841191,1.401822412976783,114.97624126840546,15.024489844430269,8073.659522622057,8088.118300548281,576368393.2948688,0.0,30981600.0,204000.0,1794811176.7202213,0.0,99327009.6,635256.0,1894773442.3202214,2333607437.005856
138,United States of America: Galveston,United States of America: Jacintoport,North East America,North East America,29.2,-94.62,29.74,-95.11,2021-05-22 13:10:00,2021-05-22 18:30:00,United States of America: Galveston->United States of America: Jacintoport,,8806728.665664237,1786674.396029899,2.2291633138239537,11.312432454289322,6.8596518689249635,8.588306247795904,9.729795707406003,2.3769518141030304,64.63754023524531,0.366357336912049,0.36243633709235207,125.1300505050505,16.155413413505233,48.439648737728014,51.52983748677543,1991265.0532880637,0.0,631800.0,163200.0,6200799.37593903,0.0,2025550.7999999998,508204.8,8734554.975939032,10158726.667793624
139,United States of America: Jacintoport,unknown: Sabine,North East America,North East America,29.74,-95.11,29.59,-93.72,2021-05-28 19:10:00,2021-05-29 05:20:00,United States of America: Jacintoport->unknown: Sabine,,14964572.806271499,3278613.7840400003,2.2312349236363636,10.484899496424243,5.8473118500000005,9.656341354089674,9.72609182487329,2.2216377231128788,64.97685627954546,0.4067574642674243,2.7580067896969696,201.75151515151518,4.900626804406704,102.86624182646364,106.21975489498641,4501587.229864968,0.0,883350.0,207400.0,14017942.63379951,0.0,2832020.1000000006,645843.6,17495806.33379951,16695475.358846782
140,unknown: Sabine,United States of America: Parlier,North East America,North East America,29.59,-93.72,29.86,-93.94,2021-05-31 04:25:00,2021-05-31 07:30:00,unknown: Sabine->United States of America: Parlier,,4801140.698692451,1140827.171397096,2.1350477318722945,9.250752791314936,5.83956490683171,7.343462546126799,8.994365885359493,1.8041843998917748,55.777266466179654,0.07510688677559524,3.4356919535443717,90.42857142857142,7.895067072558325,24.293968968132386,29.373850184507194,746426.0358015622,0.0,530400.0,163200.0,2324370.6754860645,0.0,1700462.4,508204.8,4533037.875486065,3497663.4325991934
141,United States of America: Parlier,U.K. of Great Britain and Northern Ireland: Rhyl,North East America,North Europe,29.86,-93.94,53.56,-3.4,2021-06-07 08:10:00,2021-06-23 09:15:00,United States of America: Parlier->U.K. of Great Britain and Northern Ireland: Rhyl,HS4,985470510.8718324,115264323.67709327,2.2363939137211495,19.6744798586974,8.80927116589241,12.660663938388963,13.09302510226419,4.408651691482023,91.34589909626706,0.2419020213376136,1.5376461737725704,179.29716596011932,14.481143487943411,4874.666882365363,4886.531281188135,381669774.55915093,0.0,20223450.0,370600.0,1188519677.9771962,0.0,64836380.69999999,1154048.4,1254510107.0771964,1381569569.1233714
142,U.K. of Great Britain and Northern Ireland: Rhyl,U.K. of Great Britain and Northern Ireland: Liverpool,North Europe,North Europe,53.56,-3.4,53.45,-3.01,2021-06-23 16:35:00,2021-06-23 19:55:00,U.K. of Great Britain and Northern Ireland: Rhyl->U.K. of Great Britain and Northern Ireland: Liverpool,,2626598.8509275,1101149.7506868055,2.0607917979166666,5.060884105833333,9.478375112708333,6.402901855225934,6.182681688154466,0.7310890168958334,29.374472110416665,-0.020201359435416608,0.1623849645833333,275.5833333333333,10.001218841742133,22.474855058069362,25.611607420903734,771993.6427236121,0.0,530400.0,163200.0,2403988.203441328,0.0,1700462.4,508204.8,4612655.403441328,3272374.878150194
143,U.K. of Great Britain and Northern Ireland: Liverpool,Belgium: Antwerpen (Antwerp),North Europe,North Europe,53.45,-3.01,51.28,4.35,2021-07-03 07:40:00,2021-07-05 21:30:00,U.K. of Great Britain and Northern Ireland: Liverpool->Belgium: Antwerpen (Antwerp),,133526256.67560802,17647907.120532572,2.094474601056483,16.159820936207712,5.352933988108123,12.05780213643433,12.382100629019375,3.6001193221318557,79.27186064764494,-0.3240116130142545,2.187907584386381,209.39983164983164,11.017780091183168,749.3106382653609,765.7924943585657,44283697.16304825,0.0,3905850.0,499800.0,137899432.96573225,0.0,12522155.099999994,1556377.1999999997,151977965.26573226,188945619.26118514
144,Belgium: Antwerpen (Antwerp),United States of America: Camden,North Europe,North East America,51.28,4.35,39.94,-75.13,2021-07-09 18:10:00,2021-07-21 21:05:00,Belgium: Antwerpen (Antwerp)->United States of America: Camden,HS2,732172345.0349916,80800115.91405925,2.129749857597809,19.8027185501929,8.560025932299668,12.258287042263595,13.038601357443104,4.415480297264138,90.36792106448759,0.34395509945803837,1.2597744576708991,247.93291720017072,11.961398288884828,3567.736919803966,3490.1671354935243,250896440.78927767,0.0,15276300.0,537200.0,781291516.6178107,0.0,48975817.8,1672840.7999999998,831940175.2178106,858303510.2033309
145,United States of America: Camden,United States of America: Marcus Hook,North East America,North East America,39.94,-75.13,39.8,-75.41,2021-07-27 00:20:00,2021-07-27 02:30:00,United States of America: Camden->United States of America: Marcus Hook,,1357161.4672425,932987.9983614583,2.328104799404762,3.4866062099999997,5.890601820337302,7.0884757364976,5.612293957366571,0.5876961955143939,33.789928440000004,0.5887931212380952,2.7037043890873016,294.5833333333333,2.816716723809524,16.71778202379932,21.2654272094928,542973.9456921949,0.0,397800.0,122400.0,1690820.866885495,0.0,1275346.7999999998,381153.6,3347321.266885495,2361787.2043169895
146,United States of America: Marcus Hook,United States of America: Wilmington,North East America,North East America,39.8,-75.41,39.72,-75.52,2021-07-28 00:25:00,2021-07-28 02:05:00,United States of America: Marcus Hook->United States of America: Wilmington,,950422.3850080357,885927.7894951389,2.210674459126984,2.44167600515873,6.007868597619048,4.458719797971112,3.754001546064648,0.204640674021164,14.55274172047619,-0.3016344016944445,2.156060093650794,251.5277777777778,2.4615802466693966,8.882331319193971,13.376159393913335,189185.25378955144,0.0,313950.0,125800.0,589122.8803006632,0.0,1006523.7,391741.19999999995,1987387.7803006633,1299565.744793313
147,United States of America: Wilmington,Mexico: Tampico,North East America,nan,39.72,-75.52,22.46,-97.74,2021-07-30 08:45:00,2021-08-09 01:10:00,United States of America: Wilmington->Mexico: Tampico,,320662251.26363415,71880124.12331438,2.301220230400155,10.551363754971835,9.692683049736143,9.578976187411627,10.261700601805543,2.2822230188998964,70.1162411918868,0.5569556852705906,0.6326365473355349,157.2691983941984,11.553512727241305,2231.980960197365,2245.7607211026498,115833926.69893019,0.0,20377500.0,4331600.0,360706847.7404686,0.0,65330265.0,13488602.4,439525715.1404686,416101652.4639943
148,Mexico: Tampico,Mexico: Tampico,nan,nan,22.46,-97.74,22.49,-97.87,2021-08-09 06:25:00,2021-08-09 08:00:00,Mexico: Tampico->Mexico: Tampico,port_activity,1308533.6648218748,1008673.9608604168,2.5169655916666667,3.3616792930555555,10.096917812103175,3.940467077169842,3.51542664264113,0.44080016861904764,18.843219378174606,2.403294145106746,0.24213626468253957,165.76190476190476,8.060842177304762,8.152484650851216,11.821401231509526,206917.19904558425,0.0,294450.0,125800.0,644340.1578279493,0.0,944006.7,391741.19999999995,1980088.057827949,1381181.8470275968
149,Mexico: Tampico,United States of America: Mars,nan,North East America,22.49,-97.87,25.13,-92.0,2021-08-11 15:40:00,2021-08-13 20:50:00,Mexico: Tampico->United States of America: Mars,,26936712.71538767,18119705.899526834,2.5131713110830534,3.826920238723344,5.86362127260101,6.798132457278023,7.091288315436022,0.7891835396113918,46.454297620931534,-0.1728467963598906,2.2135952657968576,119.06509539842874,7.694383034492136,361.6126030961582,367.78172688523773,7787442.954717904,0.0,6996600.0,2121600.0,24250097.360991552,0.0,22431099.60000001,6606662.4,53287859.360991545,40063506.379849315
150,United States of America: Mars,United States of America: Braithwaite,North East America,North East America,25.13,-92.0,29.78,-90.02,2021-08-14 02:10:00,2021-08-17 07:10:00,United States of America: Mars->United States of America: Braithwaite,,73063160.24586727,22720111.4144915,2.183359950613831,7.220518418639442,5.795011575367134,6.2269028431315006,5.984645777535304,1.5348048549079256,38.403560261790986,0.07474253967628204,2.0427222665734264,71.664898989899,9.749231728030082,482.2457357443957,485.5519069590941,21615575.64304539,0.0,4447950.0,2097800.0,67310902.55244336,0.0,14260127.699999996,6532549.2,88103579.45244336,92814743.98774675
151,United States of America: Braithwaite,United States of America: Braithwaite,North East America,North East America,29.78,-90.02,29.92,-89.93,2021-08-21 18:15:00,2021-08-21 19:40:00,United States of America: Braithwaite->United States of America: Braithwaite,port_activity,3117610.6570499996,643329.0541351852,2.4079690111111107,12.0139139,5.713806716666666,9.194423085390756,10.071286765120178,2.4743342587777777,63.83270382222222,0.10277424834444447,2.918218722222222,304.2777777777778,4.065865311735111,13.093650264137857,18.388846170781513,668724.6727827179,0.0,183300.0,40800.0,2082408.6310453834,0.0,587659.8,127051.2,2797119.6310453834,2577528.4618664994
